EEID, Full Name,Gender,Title ,Department,Business Unit,Age,Hire Date,Country,City
02387,Emily Davis,Female,Sr. Manger,IT,Research & Development,55,4/8/2016,United States,Seattle
04105,Theodore Dinh,Male,Technical Architect,IT,Manufacturing,59,11/29/1997,China,Chongqing
02572,Luna Sanders,Female,Director,Finance,Speciality Products,50,10/26/2006,United States,Chicago
02832,Penelope Jordan,Female,Computer Systems Manager,IT,Manufacturing,26,9/27/2019,United States,Chicago
01639,Austin Vo,Male,Sr. Analyst,Finance,Manufacturing,55,11/20/1995,United States,Phoenix
00644,Joshua Gupta,Male,Account Representative,Sales,Corporate,57,1/24/2017,China,Chongqing
01550,Ruby Barnes,Female,Manager,IT,Corporate,27,7/1/2020,United States,Phoenix
04332,Luke Martin,Male,Analyst,Finance,Manufacturing,25,5/16/2020,United States,Miami
04533,Easton Bailey,Male,Manager,Accounting,Manufacturing,29,1/25/2019,United States,Austin
03838,Madeline Walker,Female,Sr. Analyst,Finance,Speciality Products,34,6/13/2018,United States,Chicago
00591,Savannah Ali,Female,Sr. Manger,Human  Resources,Manufacturing,36,2/11/2009,United States,Miami
03344,Camila Rogers,Female,Controls Engineer,Engineering,Speciality Products,27,10/21/2021,United States,Seattle
00530,Eli Jones,Male,Manager,Human Resources,Manufacturing,59,3/14/1999,United States,Austin
04239,Everleigh Ng,Female,Sr. Manger,Finance,Research & Development,51,6/10/2021,China,Shanghai
03496,Robert Yang,Male,Sr. Analyst,Accounting,Speciality Products,31,11/4/2017,United States,Austin
00549,Isabella Xi,Female,Vice President,Marketing,Research & Development,41,3/13/2013,United States,Seattle
00163,Bella Powell,Female,Director,Finance,Research &  Development,65,3/4/2002,United States,Phoenix
00884,Camila Silva,Female,Sr. Manger,Marketing,Speciality Products,64,12/1/2003,United States,Seattle
04116,David Barnes,Male,Director,IT,Corporate,64,11/3/2013,United States,Columbus
04625,Adam Dang,Male,Director,Sales,Research & Development,45,7/9/2002,China,Chongqing
03680,Elias Alvarado,Male,Sr. Manger,IT,Manufacturing,56,1/9/2012,Brazil,Manaus
04732,Eva Rivera,Female,Director,Sales,Manufacturing,36,4/2/2021,United States,Miami
03484,Logan Rivera,Male,Director,IT,Research & Development,59,5/24/2002,Brazil,Rio de Janerio
00671,Leonardo Dixon,Male,Analyst,Sales,Speciality Products,37,9/5/2019,United States,Seattle
02071,Mateo Her,Male,Vice President,Sales,Speciality Products,44,3/2/2014,China,Chongqing
02206,Jose Henderson,Male,Director,Human Resources,Speciality Products,41,4/17/2015,United States,Columbus
04545,Abigail Mejia,Female,Quality Engineer,Engineering,Corporate,56,2/5/2005,Brazil,Rio de Janerio
00154,Wyatt Chin,Male,Vice President,engineering,Speciality Products,43,6/7/2004,United States,Seattle
03343,Carson Lu,Male,Engineering Manager,Engineering,Speciality Products,64,12/4/1996,China,Beijing
00304,Dylan Choi,Male,Vice President,IT,Corporate,63,5/11/2012,China,Beijing
02594,Ezekiel Kumar,Male,IT Coordinator,IT,Research & Development,28,6/25/2017,United States,Columbus
00402,Dominic Guzman,Male,Analyst,Finance,Manufacturing,65,5/16/2004,Brazil,Manaus
01994,Angel Powell,Male,Analyst II,Sales,Research & Development,61,7/11/2008,United States,Seattle
03549,Mateo Vu,Male,Account Representative,Sales,Speciality Products,30,9/29/2016,China,Chongqing
03247,Caroline Jenkins,Female,Analyst,Finance,Research & Development,27,5/6/2018,United States,Chicago
02074,Nora Brown,Female,Enterprise Architect,IT,Manufacturing,32,2/11/2014,United States,Austin
04152,Adeline Huang,Female,Controls Engineer,Engineering,Manufacturing,34,12/16/2019,China,Chengdu
01628,Jackson Perry,Male,Vice President,Marketing,Research & Development,27,10/20/2019,United States,Phoenix
04285,Riley Padilla,Female,Technical Architect,IT,Manufacturing,35,5/15/2013,United States,Miami
01417,Leah Pena,Female,Enterprise Architect,IT,Corporate,57,1/3/1994,Brazil,Manaus
01754,Owen Lam,Male,Sr. Business Partner,Human  Resources,Speciality Products,30,5/29/2017,China,Chengdu
03749,Kennedy Foster,Female,Manager,Marketing,Speciality Products,53,11/23/2013,United States,Austin
03574,John Moore,Male,Vice President,IT,Speciality Products,52,11/8/2005,United States,Seattle
04600,William Vu,Male,Account Representative,Sales,Speciality Products,37,11/14/2013,China,Shanghai
00586,Sadie Washington,Female,Sr. Manger,Marketing,Research & Development,29,5/24/2019,United States,Phoenix
03538,Gabriel Holmes,Male,Enterprise Architect,IT,Research & Development,40,11/4/2010,United States,Seattle
02185,Wyatt Rojas,Male,Computer Systems Manager,IT,Corporate,32,3/20/2013,United States,Austin
03830,Eva Coleman,Female,Director,IT,Research & Development,37,9/20/2009,United States,Seattle
03720,Dominic Clark,Male,Quality Engineer,Engineering,Research & Development,52,10/17/2012,United States,Phoenix
03025,Lucy Alexander,Female,Director,Engineering,Manufacturing,45,10/29/2014,United States,Seattle
04917,Everleigh Washington,Female,HRIS Analyst,Human Resources,Research & Development,64,10/20/2001,United States,Phoenix
00415,Leilani Butler,Female,Analyst II,Marketing,Manufacturing,27,9/21/2021,United States,Phoenix
02862,Peyton Huang,Female,Sr. Manger,IT,Manufacturing,25,7/2/2021,China,Beijing
04207,John Contreras,Male,Analyst II,Marketing,Manufacturing,35,5/15/2011,United States,Columbus
02139,Rylee Yu,Female,Director,Accounting,Research & Development,36,9/29/2015,United States,Seattle
01797,Piper Lewis,Female,Field Engineer,Engineering,Research & Development,33,12/22/2018,United States,Chicago
01839,Stella Alexander,Female,Automation Engineer,Engineering,Corporate,52,12/10/2005,United States,Chicago
01633,Addison Do,Female,Operations Engineer,Engineering,Manufacturing,46,5/30/2001,United States,Columbus
01848,Zoey Jackson,Female,Business Partner,Human Resources,Manufacturing,46,8/21/2008,United States,Miami
00716,John Chow,Male,Sr. Manger,Marketing,Research & Development,45,3/11/2021,China,Chengdu
00699,Ava Ayala,Female,Sr. Manger,IT,Corporate,55,8/16/2006,Brazil,Manaus
00502,Natalia Salazar,Female,Sr. Analyst,Accounting,Manufacturing,44,1/2/2019,Brazil,Manaus
04000,Skylar Carrillo,Female,Engineering Manager,Engineering,Corporate,44,12/18/2008,United States,Austin
02112,Christian Sanders,Male,Vice President,Human Resources,Speciality Products,45,8/7/2013,United States,Seattle
03824,Penelope Coleman,Female,Analyst,Finance,Corporate,36,8/27/2021,United States,Miami
03906,Piper Richardson,Female,Sr. Analyst,Sales,Corporate,38,1/27/2008,United States,Columbus
00436,Everly Walker,Female,HRIS Analyst,Human Resources,Speciality Products,41,10/23/2009,United States,Seattle
04798,Aurora Ali,Female,Manager,Marketing,Research & Development,30,4/24/2016,United States,Seattle
01249,Penelope Guerrero,Female,Vice President,IT,Speciality Products,43,8/4/2009,United States,Seattle
03349,Anna Mehta,Female,Cloud Infrastructure Architect,IT,Speciality Products,32,1/5/2020,United States,Seattle
02966,William Foster,Male,Field Engineer,Engineering,Manufacturing,58,5/23/2002,United States,Phoenix
01499,Jade Rojas,Female,Director,Finance,Speciality Products,37,1/28/2019,United States,Phoenix
00105,Isla Espinoza,Female,Manager,Accounting,Speciality Products,38,11/16/2021,Brazil,Manaus
00665,David Chu,Male,Controls Engineer,Engineering,Corporate,55,9/3/1998,United States,Seattle
00791,Thomas Padilla,Male,Vice President,Marketing,Research & Development,57,7/26/2003,Brazil,Sao Paulo
01540,Miles Salazar,Male,IT Coordinator,IT,Manufacturing,36,12/23/2010,Brazil,Sao Paulo
04474,Mila Hong,Female,Test Engineer,Engineering,Research & Development,30,5/22/2017,China,Chongqing
03417,Benjamin Moua,Male,Computer Systems Manager,IT,Manufacturing,40,7/2/2007,China,Chongqing
00254,Samuel Morales,Male,Analyst II,Finance,Corporate,34,6/27/2015,United States,Phoenix
02166,John Soto,Male,Sr. Manger,Finance,Manufacturing,60,9/23/2015,United States,Phoenix
00935,Joseph Martin,Male,Analyst II,Marketing,Corporate,41,9/13/2016,United States,Miami
01525,Jose Ross,Male,Engineering Manager,Engineering,Research & Development,53,4/8/1992,United States,Miami
00386,Parker James,Male,Quality Engineer,Engineering,Speciality Products,45,2/5/2005,United States,Austin
00416,Everleigh Fernandez,Female,Director,Engineering,Research & Development,30,5/22/2016,Brazil,Manaus
03383,Lincoln Hall,Male,Director,Accounting,Speciality Products,26,7/28/2020,United States,Chicago
01516,Willow Mai,Female,Business Partner,Human Resources,Manufacturing,45,12/17/2003,China,Chengdu
01234,Jack Cheng,Male,Director,Human Resources,Manufacturing,42,1/16/2014,China,Beijing
03440,Genesis Navarro,Female,Cloud Infrastructure Architect,IT,Corporate,41,4/28/2009,Brazil,Manaus
00431,Eliza Hernandez,Female,Network Architect,IT,Corporate,48,7/4/2019,Brazil,Rio de Janerio
01258,Gabriel Brooks,Male,Network Engineer,IT,Manufacturing,29,12/10/2018,United States,Miami
00440,Jack Huynh,Male,Manager,Marketing,Research & Development,27,9/25/2018,China,Chongqing
00595,Everly Chow,Female,Sr. Manger,Finance,Speciality Products,33,4/21/2018,China,Beijing
00972,Amelia Salazar,Female,Analyst II,Finance,Corporate,26,4/23/2019,Brazil,Sao Paulo
04562,Xavier Zheng,Male,Account Representative,Sales,Manufacturing,31,7/22/2017,United States,Austin
02802,Matthew Chau,Male,Sr. Business Partner,Human Resources,Research & Development,53,11/16/2002,United States,Seattle
01427,Mia Cheng,Female,Sr. Manger,Sales,Manufacturing,34,4/22/2015,United States,Phoenix
04568,Rylee Yu,Female,Vice President,Finance,Speciality Products,54,7/10/2011,China,Beijing
04931,Zoe Romero,Female,Network Architect,IT,Manufacturing,32,10/5/2021,Brazil,Sao Paulo
00443,Nolan Bui,Male,Computer Systems Manager,IT,Research & Development,28,5/26/2020,China,Shanghai
03890,Nevaeh Jones,Female,Vice President,Sales,Manufacturing,31,8/20/2020,United States,Austin
01194,Samantha Adams,Female,Test Engineer,Engineering,Research & Development,45,4/22/2013,United States,Seattle
02875,Madeline Shin,Female,Computer Systems Manager,IT,Speciality Products,48,1/9/2007,United States,Seattle
04959,Noah King,Male,Development Engineer,Engineering,Speciality Products,56,1/27/2015,United States,Miami
03816,Leilani Chow,Female,Director,Human resources,Corporate,27,2/23/2021,China,Beijing
01261,Connor Simmons,Male,Analyst II,Accounting,Speciality Products,55,4/5/2007,United States,Miami
03612,Grayson Cooper,Male,Sr. Manger,Finance,Speciality Products,64,6/29/2013,United States,Columbus
01388,Ivy Soto,Female,Field Engineer,Engineering,Research & Development,50,10/23/1997,United States,Austin
03875,Aurora Simmons,Female,Development Engineer,Engineering,Corporate,51,12/22/1995,United States,Austin
04413,Andrew Thomas,Male,Controls Engineer,Engineering,Manufacturing,36,12/2/2016,United States,Columbus
00691,Ezekiel Desai,Male,Director,Finance,Research & Development,42,1/15/2003,United States,Seattle
03047,Gabriella Gupta,Female,Sr. Account Representative,Sales,Corporate,41,2/15/2005,China,Shanghai
04903,Skylar Liu,Female,Director,IT,Research & Development,29,8/9/2020,China,Chengdu
04735,Nova Coleman,Female,System Administrator ,IT,Manufacturing,44,12/13/2006,United States,Miami
02850,Evelyn Dinh,Female,Director,Sales,Research & Development,41,8/10/2018,United States,Columbus
03583,Brooks Marquez,Male,Vice President,Sales,Corporate,61,9/24/2019,United States,Chicago
02017,Connor Joseph,Male,Director,Human Resources,Corporate,50,7/22/1998,United States,Chicago
01642,Mia Lam,Female,Sr. Manger,IT,Manufacturing,49,4/18/2006,United States,Austin
04379,Scarlett Rodriguez,Female,Sr. Analyst,Finance,Manufacturing,60,2/24/2007,Brazil,Manaus
04131,Cora Rivera,Female,Sr. Analyst,Marketing,Corporate,42,1/2/2021,United States,Seattle
02872,Liam Jung,Male,Manager,Finance,Corporate,39,1/14/2010,China,Chengdu
02331,Sophia Huynh,Female,Enterprise Architect,IT,Manufacturing,55,8/9/2005,United States,Miami
00417,Athena Carrillo,Female,Analyst II,Finance,Speciality Products,39,4/6/2006,United States,Columbus
04267,Greyson Sanders,Male,Cloud Infrastructure Architect,IT,Speciality Products,28,3/6/2019,United States,Chicago
03061,Vivian Lewis,Female,Manager,Marketing,Manufacturing,65,9/7/2011,United States,Columbus
00013,Elena Vang,Female,Analyst,Finance,Corporate,52,2/19/2019,China,Beijing
04265,Natalia Diaz,Female,Operations Engineer,Engineering,Corporate,62,10/12/2006,United States,Austin
04769,Mila Leung,Female,Sr. Analyst,Marketing,Corporate,39,11/5/2007,China,Beijing
03042,Ava Nelson,Female,Systems Analyst,IT,Manufacturing,63,4/1/1992,United States,Phoenix
00527,Mateo Chu,Male,Field Engineer,Engineering,Speciality Products,27,4/16/2020,China,Chengdu
01095,Isla Lai,Female,Vice President,Finance,Corporate,37,12/6/2011,China,Shanghai
03131,Ezekiel Reed,Male,Sr. Manger,IT,Manufacturing,37,2/25/2014,United States,Miami
01713,Nolan Guzman,Male,Field Engineer,Engineering,Speciality Products,46,6/20/1999,Brazil,Sao Paulo
00128,Everleigh Espinoza,Female,Director,Human Resources,Manufacturing,54,1/22/2018,United States,Austin
03849,Evelyn Jung,Female,Analyst,Sales,Research & Development,30,2/14/2021,China,Beijing
02464,Sophie Silva,Female,Vice President,Engineering,Corporate,28,7/6/2017,Brazil,Rio de Janerio
00306,Mateo Williams,Male,Enterprise Architect,IT,Manufacturing,40,1/22/2011,United States,Austin
03737,Kennedy Rahman,Female,Vice President,Human Resources,Manufacturing,49,2/28/2003,China,Chongqing
02783,Levi Mendez,Male,Vice President,Sales,Research & Development,39,8/23/2011,Brazil,Rio de Janerio
02939,Julian Fong,Male,Quality Engineer,Engineering,Speciality Products,61,11/22/2002,China,Chongqing
02706,Nevaeh Kang,Female,Automation Engineer,Engineering,Research & Development,46,1/10/2021,China,Chengdu
00170,Hannah Nelson,Female,Sr. Analyst,Marketing,Speciality Products,35,9/7/2019,United States,Austin
01425,Anthony Rogers,Male,Vice President,Engineering,Corporate,33,6/18/2015,United States,Columbus
00130,Paisley Kang,Female,Vice President,Human Resources,Corporate,61,3/10/2017,China,Beijing
02094,Matthew Gupta,Male,Network Engineer,IT,Speciality Products,45,9/18/2005,China,Beijing
03567,Silas Chavez,Male,Technical Architect,IT,Research & Development,51,4/15/2008,United States,Columbus
04682,Colton Thao,Male,Manager,Human Resources,Manufacturing,55,11/16/1995,China,Chongqing
00957,Genesis Perry,Female,Sr. Manger,Sales,Corporate,46,7/18/2013,United States,Columbus
04458,Alexander Bryant,Male,Field Engineer,Engineering,Speciality Products,30,10/2/2021,United States,Seattle
01499,Elias Zhang,Male,Solutions Architect,IT,Research & Development,54,7/13/2013,China,Beijing
00521,Lily Carter,Female,Network Architect,IT,Research & Development,54,5/18/1998,United States,Phoenix
03717,Joseph Ruiz,Male,Field Engineer,Engineering,Manufacturing,45,2/26/2002,Brazil,Sao Paulo
01533,Avery Bailey,Female,Sr. Analyst,Sales,Speciality Products,49,5/15/1996,United States,Phoenix
04449,Miles Hsu,Male,Analyst II,Finance,Research & Development,55,3/16/2014,China,Chengdu
02855,Piper Cheng,Female,Enterprise Architect,IT,Manufacturing,62,3/15/2009,United States,Miami
00816,Skylar Watson,Female,Network Architect,IT,Speciality Products,28,10/8/2021,United States,Phoenix
02283,Jaxon Park,Male,Network Architect,IT,Manufacturing,33,7/24/2020,China,Chengdu
04888,Elijah Henry,Male,Manager,IT,Corporate,32,1/3/2014,United States,Miami
03907,Camila Watson,Female,Vice President,Finance,Speciality Products,32,1/2/2018,United States,Austin
02166,Lucas Thomas,Male,Manager,Accounting,Research & Development,55,4/28/2000,United States,Miami
00431,Skylar Doan,Female,Sr. Business Partner,Human Resources,Research & Development,58,8/21/1994,United States,Seattle
01501,Hudson Liu,Male,Engineering Manager,Engineering,Speciality Products,34,11/16/2017,United States,Miami
01141,Gianna Williams,Female,Quality Engineer,Engineering,Research & Development,27,1/28/2021,United States,Chicago
02254,Jaxson Sandoval,Male,Sr. Analyst,Sales,Speciality Products,61,5/3/2017,Brazil,Sao Paulo
04504,Jameson Alvarado,Male,Enterprise Architect,IT,Manufacturing,47,3/14/1999,Brazil,Sao Paulo
03394,Joseph Ly,Male,Vice President,Marketing,Speciality Products,40,2/28/2009,China,Chongqing
02942,Daniel Richardson,Male,Director,Engineering,Speciality Products,30,5/20/2018,United States,Austin
04130,Elias Figueroa,Male,Sr. Manger,Finance,Corporate,45,12/24/2021,United States,Phoenix
02848,Emma Brooks,Female,Sr. Account Representative,Sales,Research & Development,30,12/18/2016,United States,Austin
00085,Isla Wong,Female,Vice President,Accounting,Corporate,56,3/16/2014,United States,Austin
03956,Everly Walker,Female,Sr. Manger,Sales,Research & Development,62,8/2/1999,United States,Austin
00672,Mila Pena,Female,Sr. Business Partner,Human Resources,Manufacturing,45,12/21/2007,Brazil,Manaus
04618,Mason Zhao,Male,Technical Architect,IT,Research & Development,46,10/26/2021,China,Chongqing
03506,Jaxson Mai,Male,Vice President,Human Resources,Research & Development,48,3/8/2014,United States,Austin
00568,Ava Garza,Female,Director,Accounting,Manufacturing,27,6/25/2018,United States,Phoenix
00535,Nathan Mendez,Male,Manager,IT,Speciality Products,53,10/31/2006,United States,Austin
04630,Maria Griffin,Female,Manager,Marketing,Manufacturing,59,4/25/2007,United States,Miami
00874,Alexander Choi,Male,Manager,Marketing,Research & Development,55,9/18/1994,United States,Chicago
01546,Maria Hong,Female,Vice President,Finance,Speciality Products,43,7/31/2005,China,Chongqing
00941,Sophie Ali,Female,Analyst,Finance,Manufacturing,55,3/28/2002,United States,Columbus
03446,Julian Ross,Male,Manager,Marketing,Research & Development,51,7/2/2020,United States,Miami
01361,Emma Hill,Female,IT Coordinator,IT,Manufacturing,54,12/27/2016,United States,Miami
01631,Leilani Yee,Female,Sr. Analyst,Marketing,Speciality Products,47,7/12/2017,China,Chengdu
03719,Jack Brown,Male,Analyst,Marketing,Corporate,55,12/7/2004,United States,Phoenix
03269,Charlotte Chu,Female,Network Engineer,IT,Manufacturing,50,1/23/2001,China,Chengdu
01037,Jeremiah Chu,Male,IT Systems Architect,IT,Research & Development,31,9/12/2020,China,Shanghai
00671,Miles Cho,Male,Systems Analyst,IT,Speciality Products,47,3/10/1999,China,Beijing
02216,Caleb Marquez,Male,IT Systems Architect,IT,Research & Development,29,10/15/2019,Brazil,Rio de Janerio
02803,Eli Soto,Male,Analyst,Marketing,Speciality Products,38,5/2/2016,Brazil,Rio de Janerio
01584,Carter Mejia,Male,Sr. Manger,Human Resources,Research & Development,29,5/9/2019,Brazil,Sao Paulo
02489,Ethan Clark,Male,Sr. Business Partner,Human Resources,Manufacturing,33,8/4/2017,United States,Columbus
03189,Asher Jackson,Male,Sr. Manger,Sales,Speciality Products,50,3/25/2003,United States,Columbus
03560,Ayla Ng,Female,Account Representative,Sales,Manufacturing,46,3/20/2004,China,Beijing
00769,Jose Kang,Male,Engineering Manager,Engineering,Corporate,57,4/25/1999,China,Shanghai
02791,Aubrey Romero,Female,Director,Sales,Corporate,49,4/2/1998,United States,Phoenix
02333,Jaxson Wright,Male,Service Desk Analyst,IT,Manufacturing,54,12/28/2010,United States,Columbus
01002,Elias Ali,Male,Manager,Sales,Corporate,28,3/19/2021,China,Shanghai
03520,Nolan Pena,Male,Analyst,Marketing,Manufacturing,30,6/21/2018,Brazil,Sao Paulo
00752,Luna Liu,Female,Vice President,Sales,Manufacturing,36,2/22/2014,China,Shanghai
00233,Brooklyn Reyes,Female,Service Desk Analyst,IT,Manufacturing,36,12/19/2019,United States,Columbus
02639,Hadley Parker,Female,Vice President,Marketing,Corporate,30,9/21/2016,United States,Columbus
00697,Jonathan Chavez,Male,System Administrator ,IT,Manufacturing,29,5/11/2017,United States,Seattle
02183,Sarah Ayala,Female,Analyst,Sales,Corporate,47,6/9/2015,United States,Seattle
00715,Elijah Kang,Male,Vice President,Engineering,Manufacturing,35,10/10/2011,United States,Seattle
04288,Ella White,Female,Development Engineer,Engineering,Manufacturing,25,1/20/2020,United States,Phoenix
02421,Jordan Truong,Male,Director,Engineering,Speciality Products,45,8/28/2014,United States,Miami
00523,Daniel Jordan,Male,Network Administrator,IT,Corporate,58,7/26/1993,United States,Phoenix
03615,Daniel Dixon,Male,Operations Engineer,Engineering,Speciality Products,51,10/9/1999,United States,Austin
02761,Luca Duong,Male,Manager,Human Resources,Research & Development,48,6/30/2004,China,Chengdu
02121,Levi Brown,Male,Sr. Analyst,Sales,Corporate,36,12/26/2021,United States,Chicago
01486,Mason Cho,Male,Vice President,Accounting,Research & Development,59,5/18/2011,United States,Chicago
00725,Nova Herrera,Female,Account Representative,Sales,Speciality Products,45,5/10/2014,Brazil,Sao Paulo
03027,Elijah Watson,Male,Sr. Manger,Sales,Manufacturing,29,3/16/2017,United States,Seattle
03689,Wesley Gray,Male,Sr. Analyst,Accounting,Speciality Products,62,4/22/2003,United States,Seattle
01986,Wesley Sharma,Male,Manager,IT,Corporate,51,2/23/1994,China,Shanghai
01286,Mateo Mendez,Male,Development Engineer,Engineering,Research & Development,47,7/14/1998,United States,Austin
01409,Jose Molina,Male,Controls Engineer,Engineering,Manufacturing,40,2/28/2008,Brazil,Manaus
00626,Luna Simmons,Female,Sr. Analyst,Finance,Corporate,28,9/4/2020,United States,Chicago
04342,Samantha Barnes,Female,Vice President,Marketing,Speciality Products,29,1/5/2017,United States,Columbus
03904,Hunter Ortiz,Male,Sr. Analyst,Finance,Corporate,46,1/20/2013,Brazil,Rio de Janerio
01291,Thomas Aguilar,Male,Sr. Account Representative,Sales,Speciality Products,45,2/10/2021,United States,Phoenix
00917,Skylar Bell,Female,Vice President,Engineering,Manufacturing,30,3/6/2018,United States,Columbus
01484,Anna Zhu,Female,Service Desk Analyst,IT,Manufacturing,48,8/22/2003,China,Beijing
03864,Ella Hunter,Female,Analyst,Finance,Manufacturing,51,1/18/2017,United States,Columbus
00488,Emery Hunter,Female,Sr. Analyst,Sales,Corporate,28,7/3/2021,United States,Phoenix
02227,Sofia Parker,Female,Cloud Infrastructure Architect,IT,Manufacturing,36,5/30/2014,United States,Chicago
04802,Lucy Fong,Female,Sr. Account Representative,Sales,Corporate,40,1/20/2011,China,Chengdu
01970,Vivian Barnes,Female,Director,Human Resources,Research & Development,51,3/28/2021,United States,Phoenix
02813,Kai Chow,Male,Engineering Manager,Engineering,Corporate,45,4/12/2001,United States,Austin
02031,Melody Cooper,Female,Development Engineer,Engineering,Research & Development,44,9/4/2009,United States,Austin
03252,James Bui,Male,Manager,Finance,Manufacturing,64,7/20/1998,China,Chongqing
04871,Liam Grant,Male,Sr. Business Partner,Human Resources,Research & Development,30,3/15/2015,United States,Phoenix
03547,Owen Han,Male,Analyst,Accounting,Corporate,28,5/12/2017,China,Chongqing
04742,Kinsley Vega,Female,Vice President,Accounting,Corporate,33,12/16/2020,Brazil,Rio de Janerio
01070,Leonardo Martin,Male,Manager,Finance,Speciality Products,51,2/16/1995,United States,Chicago
04359,Greyson Lam,Male,Vice President,Accounting,Manufacturing,25,2/8/2021,United States,Miami
03268,Emilia Rivera,Female,Test Engineer,Engineering,Research & Development,42,11/23/2017,United States,Miami
04035,Penelope Johnson,Female,Sr. Analyst,Marketing,Research & Development,34,6/25/2012,United States,Chicago
01221,Eva Figueroa,Female,Analyst II,Sale,Research & Development,48,5/14/2014,United States,Seattle
00276,Ezekiel Jordan,Male,Sr. Manger,Accounting,Corporate,33,2/10/2013,United States,Columbus
01687,Luke Mai,Male,HRIS Analyst,Human Resources,Research & Development,41,10/24/2007,China,Beijing
02844,Charles Diaz,Male,Sr. Manger,Sales,Corporate,55,11/16/2013,Brazil,Sao Paulo
01263,Adam Espinoza,Male,Test Engineer,Engineering,Manufacturing,36,4/9/2009,United States,Seattle
00119,Jack Maldonado,Male,Director,Engineering,Research & Development,31,8/26/2020,Brazil,Sao Paulo
03935,Cora Jiang,Female,Vice President,IT,Corporate,53,4/30/2008,United States,Austin
00742,Cooper Mitchell,Male,Manager,Sales,Speciality Products,43,1/31/2006,United States,Seattle
02810,Layla Torres,Female,Sr. Manger,Finance,Manufacturing,37,2/24/2013,Brazil,Rio de Janerio
01860,Jack Edwards,Male,Manager,Marketing,Manufacturing,38,4/6/2008,United States,Columbus
04890,Eleanor Chan,Female,Sr. Manger,Accounting,Manufacturing,49,4/2/2001,China,Shanghai
02285,Aria Xi,Female,Director,Sales,Research & Development,45,3/1/2002,United States,Seattle
00842,John Vega,Male,Vice President,Finance,Corporate,50,1/18/2004,Brazil,Rio de Janerio
01271,Luke Munoz,Male,Director,Engineering,Speciality Products,64,8/25/2017,Brazil,Manaus
01921,Sarah Daniels,Female,Sr. Manger,Accounting,Manufacturing,55,1/9/2011,United States,Miami
03664,Aria Castro,Female,Engineering Manager,Engineering,Speciality Products,45,3/14/2014,Brazil,Rio de Janerio
00813,Autumn Joseph,Female,Enterprise Architect,IT,Corporate,39,5/9/2018,United States,Miami
00870,Evelyn Liang,Female,Service Desk Analyst,IT,Speciality Products,40,6/26/2013,United States,Seattle
04167,Henry Alvarez,Male,Sr. Business Partner,Human Resources,Manufacturing,48,4/12/2005,Brazil,Manaus
00245,Benjamin Delgado,Male,Test Engineer,Engineering,Corporate,64,9/28/1992,United States,Austin
00976,Zoe Rodriguez,Female,Director,Human Resources,Speciality Products,65,5/23/2004,United States,Phoenix
04112,Axel Chu,Male,Systems Analyst,IT,Research & Development,43,5/4/2018,China,Beijing
01807,Cameron Evans,Male,Test Engineer,Engineering,Corporate,50,12/13/2018,United States,Columbus
04103,Isabella Soto,Female,Vice President,Finance,Corporate,27,12/15/2021,Brazil,Sao Paulo
01412,Eva Jenkins,Female,Sr. Manger,Human Resources,Manufacturing,55,11/10/2004,United States,Chicago
04386,Cameron Powell,Male,Business Partner,Human Resources,Manufacturing,41,8/20/2004,United States,Austin
01232,Samantha Foster,Female,Vice President,Human Resources,Research & Development,34,7/27/2019,United States,Austin
04572,Jade Li,Female,Director,IT,Speciality Products,47,10/26/2012,United States,Seattle
02747,Kinsley Acosta,Female,Vice President,IT,Speciality Products,32,7/22/2020,United States,Chicago
01064,Clara Kang,Female,Sr. Manger,IT,Manufacturing,39,3/25/2017,United States,Phoenix
00178,Harper Alexander,Female,Sr. Analyst,Sales,Speciality Products,26,10/14/2019,United States,Phoenix
01091,Carter Reed,Male,Development Engineer,Engineering,Manufacturing,40,7/7/2005,United States,Seattle
01525,Charlotte Ruiz,Female,Computer Systems Manager,IT,Manufacturing,32,10/2/2017,Brazil,Rio de Janerio
01309,Everleigh Jiang,Female,Director,Accounting,Research & Development,58,5/14/2003,United States,Columbus
02378,Audrey Smith,Female,Field Engineer,Engineering,Research & Development,58,10/27/1995,United States,Columbus
04127,Emery Acosta,Female,Vice President,Sales,Research & Development,42,9/11/2013,United States,Columbus
02072,Charles Robinson,Male,HRIS Analyst,Human Resources,Speciality Products,26,3/12/2021,United States,Seattle
02555,Landon Lopez,Male,Sr. Analyst,Accounting,Manufacturing,38,7/5/2008,Brazil,Sao Paulo
00187,Miles Mehta,Male,Director,Finance,Research & Development,64,5/2/1996,United States,Miami
04332,Ezra Simmons,Male,Automation Engineer,Engineering,Speciality Products,38,7/1/2010,United States,Phoenix
02062,Nora Santiago,Female,Analyst,Accounting,Research & Development,55,6/26/1996,Brazil,Rio de Janerio
00034,Caroline Herrera,Female,Sr. Manger,Marketing,Manufacturing,45,8/19/2004,Brazil,Rio de Janerio
00273,David Owens,Male,Sr. Analyst,Sales,Corporate,43,4/16/2004,United States,Austin
00691,Avery Yee,Female,Systems Analyst,IT,Manufacturing,34,5/22/2016,United States,Miami
01403,Xavier Park,Male,Vice President,IT,Research & Development,40,11/8/2020,China,Chengdu
03438,Asher Morales,Male,Automation Engineer,Engineering,Research & Development,52,7/10/2020,Brazil,Sao Paulo
04136,Mason Cao,Male,Analyst II,Finance,Corporate,52,9/14/2017,China,Beijing
02944,Joshua Fong,Male,Vice President,Engineering,Speciality Products,47,6/11/2012,China,Beijing
03300,Maria Chin,Female,Analyst,Marketing,Manufacturing,65,9/26/2013,China,Beijing
00078,Eva Garcia,Female,HRIS Analyst,Human Resources,Corporate,31,4/11/2021,Brazil,Manaus
00825,Anna Molina,Female,Sr. Analyst,Accounting,Corporate,41,6/12/2016,United States,Columbus
04972,Logan Bryant,Male,Sr. Manger,Marketing,Speciality Products,30,7/18/2020,United States,Miami
03941,Isla Han,Female,Technical Architect,IT,Manufacturing,58,6/18/2005,United States,Chicago
02148,Christopher Vega,Male,Engineering Manager,Engineering,Research & Development,54,10/27/2007,United States,Chicago
02252,Lillian Park,Female,Analyst,Marketing,Research & Development,40,2/24/2021,China,Chengdu
03096,Kennedy Zhang,Female,Director,Finance,Research & Development,63,10/27/2000,China,Chongqing
04800,Eli Han,Male,Sr. Analyst,Accounting,Manufacturing,40,1/15/2016,China,Chengdu
02838,Julia Pham,Female,Engineering Manager,Engineering,Speciality Products,65,3/16/2006,China,Shanghai
02980,Hailey Shin,Female,Director,Human Resources,Corporate,57,10/24/2016,China,Shanghai
04477,Connor Grant,Male,Sr. Analyst,Accounting,Speciality Products,27,10/13/2021,United States,Seattle
04348,Natalia Owens,Female,Manager,Human Resources,Manufacturing,31,1/18/2021,United States,Austin
01638,Maria He,Female,IT Systems Architect,IT,Corporate,45,8/28/2010,China,Beijing
03419,Jade Yi,Female,Account Representative,Sales,Speciality Products,47,7/10/2015,China,Chongqing
04222,Quinn Xiong,Female,Test Engineer,Engineering,Research & Development,55,9/8/2013,United States,Columbus
04126,Dominic Baker,Male,Sr. Analyst,Accounting,Manufacturing,51,10/9/2020,United States,Chicago
01896,Adam Nelson,Male,Director,Finance,Speciality Products,25,1/14/2020,United States,Chicago
03018,Autumn Reed,Female,Development Engineer,Engineering,Corporate,37,9/17/2017,United States,Miami
03325,Robert Edwards,Male,HRIS Analyst,Human Resources,Corporate,62,10/11/2004,United States,Seattle
04037,Roman Martinez,Male,Sr. Manger,Finance,Research & Development,31,9/19/2015,Brazil,Manaus
01902,Eleanor Li,Female,Sr. Manger,Human Resources,Research & Development,64,12/7/2003,United States,Chicago
01466,Connor Vang,Male,Analyst,Sales,Speciality Products,25,7/28/2021,United States,Miami
02038,Ellie Chung,Female,Sr. Manger,Marketing,Corporate,59,8/29/2008,China,Chongqing
03474,Violet Hall,Female,Solutions Architect,IT,Corporate,40,12/10/2010,United States,Chicago
02744,Dylan Padilla,Male,HRIS Analyst,Human Resources,Manufacturing,31,12/9/2015,United States,Seattle
00702,Nathan Pham,Male,Sr. Manger,Accounting,Manufacturing,45,12/12/2006,United States,Seattle
03081,Ayla Brown,Female,Sr. Manger,Sales,Manufacturing,49,4/15/2013,United States,Phoenix
01281,Isaac Mitchell,Male,Network Architect,IT,Speciality Products,46,6/10/2005,United States,Austin
04029,Jayden Jimenez,Male,Manager,Human Resources,Corporate,46,9/24/2011,Brazil,Rio de Janerio
01116,Jaxon Tran,Male,Sr. Manger,Sales,Manufacturing,45,9/7/2007,China,Shanghai
01753,Connor Fong,Male,Manager,Accounting,Speciality Products,40,2/16/2018,United States,Seattle
04072,Emery Mitchell,Female,Vice President,Finance,Manufacturing,48,6/2/2018,United States,Seattle
00672,Landon Luu,Male,Vice President,IT,Research & Development,31,7/12/2015,United States,Miami
04419,Sophia Ahmed,Female,Sr. Manger,Sales,Speciality Products,30,6/13/2015,United States,Seattle
00467,Sofia Dinh,Female,Operations Engineer,Engineering,Corporate,55,8/4/1995,United States,Chicago
00365,Jonathan Patel,Male,Manager,Marketing,Corporate,28,2/2/2020,China,Shanghai
00306,Piper Patterson,Female,Quality Engineer,Engineering,Corporate,45,6/19/2019,United States,Chicago
03292,Cora Evans,Female,Computer Systems Manager,IT,Speciality Products,45,3/26/2018,United States,Austin
04779,Cameron Young,Male,Vice President,Engineering,Manufacturing,63,1/18/2016,United States,Seattle
00501,Melody Ho,Female,Analyst II,Finance,Research & Development,55,12/2/2007,United States,Columbus
01132,Aiden Bryant,Male,Account Representative,Sales,Manufacturing,47,10/21/2002,United States,Columbus
00556,Grayson Walker,Male,Director,Accounting,Manufacturing,29,2/19/2017,United States,Seattle
00311,Scarlett Figueroa,Female,Business Partner,Human Resources,Speciality Products,34,10/21/2016,United States,Miami
04567,Madeline Hoang,Female,Systems Analyst,IT,Research & Development,28,10/25/2019,China,Chengdu
04378,Ezra Simmons,Male,Network Administrator,IT,Manufacturing,31,5/7/2016,United States,Austin
03251,Ruby Medina,Female,Director,Sales,Manufacturing,50,12/18/2018,United States,Seattle
03167,Luke Zheng,Male,Director,Human Resources,Speciality Products,39,11/28/2006,China,Beijing
03347,Rylee Dinh,Female,Development Engineer,Engineering,Speciality Products,35,2/10/2017,China,Chongqing
03908,Miles Evans,Male,Network Architect,IT,Manufacturing,54,10/24/1994,United States,Miami
01351,Leo Owens,Male,Systems Analyst,IT,Corporate,47,4/23/2020,United States,Seattle
02681,Caroline Owens,Female,Director,IT,Speciality Products,26,7/26/2021,United States,Phoenix
03807,Kennedy Do,Female,Computer Systems Manager,IT,Manufacturing,42,10/15/2005,United States,Phoenix
00422,Jade Acosta,Female,Development Engineer,Engineering,Research & Development,47,8/29/2015,United States,Seattle
00265,Mila Vasquez,Female,Quality Engineer,Engineering,Manufacturing,60,7/16/1998,United States,Columbus
04601,Allison Ayala,Female,Analyst,Finance,Corporate,36,6/30/2009,United States,Austin
04816,Jace Zhang,Male,Service Desk Analyst,IT,Speciality Products,31,2/14/2017,China,Chengdu
02147,Allison Medina,Female,Manager,Finance,Speciality Products,55,4/29/2010,Brazil,Sao Paulo
02914,Maria Wilson,Female,Vice President,Engineering,Research & Development,51,6/14/1996,United States,Columbus
03268,Everly Coleman,Female,Vice President,IT,Corporate,48,2/18/2015,United States,Columbus
03972,Jordan Gomez,Male,Sr. Analyst,Accounting,Research & Development,58,9/15/1994,Brazil,Rio de Janerio
02189,Isla Chavez,Female,Account Representative,Sales,Research & Development,29,5/19/2018,Brazil,Rio de Janerio
04290,Hannah Gomez,Female,Technical Architect,IT,Manufacturing,25,5/11/2021,United States,Miami
03630,Jacob Davis,Male,Director,Accounting,Research & Development,36,9/3/2016,United States,Chicago
00432,Eli Gupta,Male,Director,Human Resources,Research & Development,37,5/19/2012,China,Beijing
03045,Andrew Huynh,Male,Business Partner,Human Resources,Speciality Products,57,4/28/1997,United States,Miami
01924,Anna Gutierrez,Female,Director,Engineering,Research & Development,59,4/15/2003,Brazil,Sao Paulo
04877,Samuel Vega,Male,Analyst II,Marketing,Speciality Products,37,3/30/2013,United States,Miami
02770,Liliana Do,Female,Service Desk Analyst,IT,Manufacturing,30,3/29/2019,China,Chengdu
04590,Isaac Sanders,Male,HRIS Analyst,Human Resources,Manufacturing,49,3/29/2001,United States,Miami
01977,Raelynn Gupta,Female,Sr. Manger,Finance,Corporate,48,9/10/2001,China,Chongqing
01378,Genesis Xiong,Female,System Administrator ,IT,Research & Development,51,2/25/2012,United States,Columbus
04224,Lucas Ramos,Male,Sr. Business Partner,Human Resources,Speciality Products,56,1/21/1998,United States,Phoenix
03423,Santiago Gonzalez,Male,Manager,Sales,Research & Development,36,7/26/2012,United States,Seattle
01584,Henry Zhu,Male,Vice President,Marketing,Speciality Products,38,8/25/2021,United States,Austin
00788,Emily Contreras,Female,Analyst II,Sales,Manufacturing,56,6/15/1992,Brazil,Sao Paulo
00207,Hailey Lai,Female,Vice President,Human Resources,Manufacturing,52,7/23/2012,China,Chengdu
00834,Vivian Guzman,Female,Analyst II,Finance,Speciality Products,53,2/9/2002,United States,Phoenix
04571,Hadley Contreras,Female,Director,Engineering,Corporate,60,1/4/2017,United States,Austin
02652,Nathan Sun,Male,Manager,Accounting,Speciality Products,63,7/29/2015,China,Shanghai
02693,Grace Campos,Female,Director,Engineering,Research & Development,37,3/21/2008,Brazil,Manaus
03359,Autumn Ortiz,Female,Field Engineer,Engineering,Research & Development,30,12/17/2017,Brazil,Sao Paulo
00399,Connor Walker,Male,Analyst II,Finance,Manufacturing,30,3/18/2019,United States,Columbus
02971,Mia Wu,Female,Enterprise Architect,IT,Corporate,45,8/25/2013,China,Beijing
03327,Julia Luong,Female,Sr. Manger,Accounting,Research & Development,55,6/20/2006,China,Chongqing
00900,Eleanor Delgado,Female,Sr. Analyst,Marketing,Manufacturing,33,4/27/2014,Brazil,Sao Paulo
00836,Addison Roberts,Female,Network Architect,IT,Manufacturing,65,5/14/2018,United States,Seattle
03854,Camila Li,Female,Sr. Manger,IT,Research & Development,60,7/24/2010,China,Shanghai
04729,Ezekiel Fong,Male,Vice President,Sales,Research & Development,56,2/25/2004,China,Shanghai
00360,Dylan Thao,Male,Director,Engineering,Manufacturing,53,10/22/2012,United States,Seattle
02284,Josephine Salazar,Female,Field Engineer,Engineering,Speciality Products,36,3/14/2016,Brazil,Sao Paulo
00181,Genesis Hu,Female,Sr. Analyst,Marketing,Corporate,46,1/15/2002,China,Beijing
04168,Mila Juarez,Female,Manager,Sales,Speciality Products,38,9/21/2017,Brazil,Sao Paulo
02861,Daniel Perry,Male,Enterprise Architect,IT,Research & Development,62,4/15/2001,United States,Columbus
01357,Paisley Hunter,Female,Engineering Manager,Engineering,Research & Development,61,1/15/2010,United States,Chicago
04387,Everleigh White,Female,Network Architect,IT,Speciality Products,59,10/20/2017,United States,Phoenix
03090,Penelope Choi,Female,Technical Architect,IT,Speciality Products,49,9/10/2010,China,Beijing
03591,Piper Sun,Female,Director,Marketing,Manufacturing,64,2/14/2011,United States,Seattle
03328,Lucy Johnson,Female,Manager,IT,Research & Development,57,4/27/2020,United States,Columbus
04937,Ian Ngo,Male,Manager,Sales,Speciality Products,52,8/7/2014,United States,Phoenix
00515,Joseph Vazquez,Male,Sr. Manger,Accounting,Speciality Products,40,1/23/2019,United States,Miami
01241,Hadley Guerrero,Female,Sr. Manger,IT,Research & Development,49,1/14/2004,Brazil,Sao Paulo
03255,Jose Brown,Male,System Administrator ,IT,Speciality Products,43,4/7/2016,United States,Seattle
01711,Benjamin Ford,Male,Analyst II,Finance,Speciality Products,31,4/22/2021,United States,Phoenix
00500,Henry Shah,Male,Director,Accounting,Manufacturing,55,6/11/2010,China,Chengdu
04972,Ivy Daniels,Female,Sr. Manger,Human Resources,Speciality Products,41,10/26/2008,United States,Columbus
02728,Thomas Chang,Male,Sr. Analyst,Accounting,Research & Development,34,7/26/2011,China,Beijing
04749,Caroline Phan,Female,Sr. Manger,Finance,Corporate,41,3/14/2004,United States,Austin
02023,Maverick Mehta,Male,Systems Analyst,IT,Manufacturing,40,7/30/2007,United States,Seattle
03166,Austin Edwards,Male,IT Coordinator,IT,Manufacturing,42,9/24/2006,United States,Chicago
02599,Daniel Huang,Male,Vice President,Human Resources,Corporate,31,9/3/2015,United States,Columbus
01014,Lucas Phan,Male,Director,Marketing,Research & Development,49,2/19/1999,China,Chongqing
04529,Gabriel Yu,Male,Technical Architect,IT,Speciality Products,42,6/23/2014,China,Chongqing
00085,Mason Watson,Male,Sr. Manger,IT,Corporate,46,9/14/2004,United States,Chicago
00632,Angel Chang,Male,Network Architect,IT,Research & Development,37,7/6/2017,China,Shanghai
02108,Madeline Coleman,Female,Sr. Manger,Finance,Research & Development,51,4/28/2006,United States,Chicago
03802,Thomas Vazquez,Male,Director,Engineering,Corporate,46,7/19/2014,Brazil,Sao Paulo
03685,Silas Hunter,Male,Solutions Architect,IT,Corporate,55,5/4/1998,United States,Chicago
01089,Nicholas Brooks,Male,Analyst II,Accounting,Manufacturing,43,10/20/2017,United States,Phoenix
03988,Dominic Thomas,Male,Analyst II,Marketing,Manufacturing,48,9/28/2005,United States,Austin
00401,Wesley Adams,Male,System Administrator ,IT,Corporate,48,8/11/2003,United States,Seattle
03429,Ian Wu,Male,Sr. Analyst,Marketing,Manufacturing,51,4/14/2012,China,Chengdu
02417,Alice Young,Female,Automation Engineer,Engineering,Research & Development,46,1/24/2008,United States,Chicago
00359,Logan Carrillo,Male,Sr. Analyst,Marketing,Research & Development,33,11/30/2014,United States,Miami
02044,Caroline Alexander,Female,Business Partner,Human Resources,Manufacturing,42,9/18/2020,United States,Columbus
01479,Serenity Bailey,Female,IT Systems Architect,IT,Manufacturing,55,11/21/2011,United States,Chicago
04962,Elena Tan,Female,Vice President,Engineering,Manufacturing,50,10/13/2008,China,Chongqing
02769,Eliza Adams,Female,Account Representative,Sales,Manufacturing,26,11/21/2021,United States,Chicago
03893,Alice Xiong,Female,Vice President,Engineering,Manufacturing,55,9/2/2018,China,Chengdu
00553,Isla Yoon,Female,Quality Engineer,Engineering,Research & Development,50,5/10/2013,United States,Austin
03540,Emma Perry,Female,Solutions Architect,IT,Manufacturing,28,1/22/2018,United States,Seattle
02769,Riley Marquez,Female,Sr. Manger,Finance,Research & Development,39,10/18/2019,United States,Chicago
03277,Caroline Hu,Female,Sr. Manger,Marketing,Speciality Products,31,8/18/2019,China,Shanghai
04194,Madison Kumar,Female,Director,Accounting,Speciality Products,55,10/17/2010,China,Chengdu
01807,Matthew Lim,Male,Sr. Analyst,Sales,Research & Development,52,2/18/1994,United States,Seattle
01762,Maya Ngo,Female,Manager,Sales,Speciality Products,55,10/20/2012,United States,Columbus
02632,Alice Soto,Female,Analyst,Accounting,Corporate,56,4/13/1995,Brazil,Manaus
04226,Andrew Moore,Male,Operations Engineer,Engineering,Manufacturing,47,1/2/2001,United States,Chicago
04101,Olivia Harris,Female,Director,Sales,Speciality Products,63,6/14/2020,United States,Columbus
01981,Genesis Banks,Female,Analyst,Finance,Corporate,63,3/16/2012,United States,Chicago
02534,Victoria Johnson,Female,Sr. Manger,Accounting,Corporate,55,5/28/2004,United States,Columbus
01238,Eloise Griffin,Female,Director,Sales,Manufacturing,55,10/29/1995,United States,Austin
01118,Roman Yang,Male,Manager,Human Resources,Manufacturing,42,12/12/2009,United States,Phoenix
04041,Clara Huynh,Female,IT Coordinator,IT,Speciality Products,39,11/18/2020,China,Shanghai
04308,Kai Flores,Male,Development Engineer,Engineering,Manufacturing,35,5/23/2017,United States,Seattle
01052,Jaxson Dinh,Male,Sr. Manger,Marketing,Research & Development,45,5/3/2001,China,Shanghai
04165,Sophie Vang,Female,Sr. Manger,Marketing,Manufacturing,25,9/14/2021,China,Chongqing
02295,Axel Jordan,Male,Analyst,Sales,Corporate,47,2/28/2013,United States,Chicago
04546,Jade Hunter,Female,Cloud Infrastructure Architect,IT,Corporate,42,2/5/2020,United States,Columbus
04217,Lydia Williams,Female,System Administrator ,IT,Manufacturing,35,10/29/2014,United States,Chicago
00650,Emery Chang,Female,Business Partner,Human Resources,Research & Development,45,8/17/2000,China,Chengdu
00344,Savannah He,Female,Director,IT,Research & Development,52,2/14/1996,China,Beijing
04645,Elias Ahmed,Male,Vice President,Marketing,Corporate,57,8/4/2017,United States,Chicago
03880,Samantha Woods,Female,Analyst,Accounting,Speciality Products,56,12/25/2019,United States,Phoenix
02730,Axel Soto,Male,Quality Engineer,Engineering,Corporate,46,4/22/2005,Brazil,Rio de Janerio
04517,Amelia Choi,Female,Manager,Marketing,Speciality Products,43,6/11/2006,United States,Miami
00965,Jacob Khan,Male,Computer Systems Manager,IT,Speciality Products,53,2/9/2008,China,Shanghai
04639,Luna Taylor,Female,Network Administrator,IT,Manufacturing,47,7/28/2018,United States,Seattle
00465,Dominic Parker,Male,Test Engineer,Engineering,Research & Development,62,10/4/2011,United States,Seattle
03058,Angel Xiong,Male,Vice President,IT,Research & Development,35,6/11/2015,China,Shanghai
02337,Emma Cao,Female,Analyst,Accounting,Corporate,27,8/24/2019,China,Chongqing
04927,Ezekiel Bryant,Male,Sr. Analyst,Finance,Manufacturing,55,7/19/2002,United States,Miami
03799,Natalie Hwang,Female,Sr. Analyst,Finance,Speciality Products,63,12/31/1999,United States,Phoenix
04538,Adeline Yang,Female,Cloud Infrastructure Architect,IT,Corporate,53,7/20/2011,China,Chongqing
02633,Allison Roberts,Female,Vice President,Sales,Manufacturing,54,8/19/2000,United States,Columbus
02965,Andrew Do,Male,Sr. Manger,Finance,Research & Development,43,4/17/2021,United States,Seattle
04345,Eliana Grant,Female,Engineering Manager,Engineering,Speciality Products,64,6/20/1994,United States,Chicago
02895,Mila Soto,Female,Director,Finance,Research & Development,65,10/7/2008,Brazil,Manaus
01132,Gabriella Johnson,Female,Computer Systems Manager,IT,Research & Development,42,3/1/2006,United States,Seattle
00758,Jonathan Khan,Male,Account Representative,Sales,Manufacturing,35,8/30/2013,China,Shanghai
03750,Elias Dang,Male,Director,Engineering,Speciality Products,64,8/29/1995,China,Chengdu
00144,Theodore Ngo,Male,Controls Engineer,Engineering,Research & Development,55,4/29/2018,China,Beijing
02943,Bella Lopez,Female,Sr. Analyst,Marketing,Corporate,32,11/12/2013,United States,Chicago
03901,Luca Truong,Male,Director,Marketing,Corporate,45,12/11/2004,China,Chongqing
03461,Nathan Lau,Male,Business Partner,Human Resources,Research & Development,35,2/22/2011,United States,Austin
03490,Henry Campos,Male,Sr. Manger,Human Resources,Corporate,38,9/27/2009,United States,Phoenix
04466,Connor Bell,Male,Network Administrator,IT,Corporate,54,4/1/2000,United States,Austin
03226,Angel Stewart,Male,Vice President,Finance,Corporate,28,6/22/2019,United States,Seattle
04607,Landon Brown,Male,Vice President,Marketing,Corporate,26,9/27/2020,United States,Columbus
02678,Nicholas Rivera,Male,Director,Engineering,Corporate,45,4/13/2007,Brazil,Sao Paulo
02190,Gabriel Carter,Male,Test Engineer,Engineering,Manufacturing,57,7/18/2018,United States,Columbus
00747,Leilani Baker,Female,Technical Architect,IT,Speciality Products,59,4/4/2010,United States,Seattle
00268,Ian Flores,Male,Director,Engineering,Corporate,48,12/10/2019,Brazil,Rio de Janerio
01416,Hudson Thompson,Male,Analyst II,Accounting,Manufacturing,30,10/20/2020,United States,Phoenix
01524,Ian Miller,Male,Computer Systems Manager,IT,Corporate,31,10/13/2016,United States,Austin
03849,Harper Chin,Female,Quality Engineer,Engineering,Manufacturing,50,7/9/2002,China,Shanghai
02801,Santiago Brooks,Male,Sr. Manger,Sales,Corporate,51,9/1/2000,United States,Phoenix
04155,Dylan Dominguez,Male,Sr. Analyst,Marketing,Research & Development,42,4/7/2015,Brazil,Rio de Janerio
01952,Everett Lee,Male,Network Administrator,IT,Research & Development,45,2/26/2010,United States,Columbus
00116,Madelyn Mehta,Female,Analyst,Sales,Speciality Products,64,1/28/2005,United States,Phoenix
04811,Athena Vasquez,Female,Field Engineer,Engineering,Speciality Products,59,9/16/2014,Brazil,Rio de Janerio
00624,William Watson,Male,Director,Accounting,Speciality Products,41,6/4/2013,United States,Miami
03404,Everleigh Nunez,Female,Field Engineer,Engineering,Speciality Products,42,2/5/2021,Brazil,Manaus
01845,Leo Fernandez,Male,Manager,Finance,Research & Development,54,4/28/1998,Brazil,Sao Paulo
04784,Joshua Lin,Male,Technical Architect,IT,Research & Development,37,2/5/2016,China,Beijing
00145,Alexander Rivera,Male,Sr. Analyst,Sales,Research & Development,58,4/27/2009,Brazil,Manaus
00218,David Desai,Male,Vice President,Sales,Speciality Products,47,11/22/2016,United States,Austin
02185,Aubrey Yoon,Female,Sr. Business Partner,Human Resources,Research & Development,60,11/11/2005,China,Chongqing
01070,Grayson Brown,Male,Vice President,IT,Corporate,38,6/22/2016,United States,Chicago
03807,Noah Chen,Male,Sr. Manger,Marketing,Manufacturing,63,3/1/2015,China,Beijing
00784,Ella Nguyen,Female,Service Desk Analyst,IT,Corporate,60,2/10/2004,China,Chongqing
04925,Athena Jordan,Female,System Administrator ,IT,Manufacturing,42,2/19/2011,United States,Seattle
04448,Adrian Ruiz,Male,Sr. Analyst,Finance,Corporate,34,9/4/2014,Brazil,Sao Paulo
04817,Zoe Sanchez,Female,Sr. Analyst,Accounting,Research & Development,53,12/23/2004,Brazil,Sao Paulo
00325,Jameson Chen,Male,Vice President,Marketing,Research & Development,39,12/5/2019,China,Shanghai
00403,Liliana Soto,Female,Business Partner,Human Resources,Manufacturing,58,10/12/2010,United States,Austin
00436,Lincoln Reyes,Male,Computer Systems Manager,IT,Manufacturing,60,8/3/1998,United States,Seattle
04358,Grayson Soto,Male,Business Partner,Human Resources,Manufacturing,34,8/3/2015,United States,Columbus
04662,Julia Morris,Female,Sr. Manger,Human Resources,Corporate,60,10/18/2008,United States,Phoenix
01496,Ava Ortiz,Female,Enterprise Architect,IT,Manufacturing,53,7/20/2004,United States,Columbus
01870,Carson Chau,Male,Director,Finance,Corporate,58,10/12/2007,China,Chongqing
03971,Lillian Chen,Female,Sr. Manger,Marketing,Research & Development,25,4/9/2020,United States,Columbus
03616,Josiah Lewis,Male,Manager,IT,Research & Development,46,8/11/2021,United States,Austin
00153,Claire Jones,Female,Field Engineer,Engineering,Corporate,39,3/12/2019,United States,Seattle
02313,Jeremiah Lu,Male,Network Architect,IT,Manufacturing,50,3/6/2001,China,Shanghai
02960,Nova Hill,Female,Sr. Analyst,Accounting,Manufacturing,56,3/10/2018,United States,Chicago
00096,Peyton Cruz,Female,Development Engineer,Engineering,Manufacturing,30,5/26/2016,Brazil,Sao Paulo
02140,Naomi Zhao,Female,Vice President,Human Resources,Speciality Products,45,9/22/2021,United States,Miami
00826,Rylee Bui,Female,Analyst,Accounting,Corporate,55,12/22/2011,China,Chongqing
03881,Andrew Reed,Male,System Administrator ,IT,Corporate,28,6/17/2019,United States,Miami
02604,Brooklyn Collins,Female,Sr. Manger,Finance,Corporate,59,10/27/2018,United States,Austin
02613,John Jung,Male,Sr. Analyst,Sales,Speciality Products,63,3/12/2018,China,Shanghai
00864,Samantha Aguilar,Female,Manager,Accounting,Speciality Products,46,4/24/2010,United States,Seattle
01760,Madeline Acosta,Female,Sr. Account Representative,Sales,Speciality Products,26,2/9/2021,Brazil,Sao Paulo
03223,Ethan Joseph,Male,IT Coordinator,IT,Research & Development,45,5/28/2018,United States,Columbus
01262,Miles Mehta,Male,Manager,Finance,Manufacturing,50,5/19/2018,China,Chongqing
01075,Joshua Juarez,Male,Analyst II,Finance,Manufacturing,46,5/5/2015,Brazil,Sao Paulo
00364,Matthew Howard,Male,Director,Human Resources,Manufacturing,50,10/17/2021,United States,Columbus
04108,Jade Figueroa,Female,Sr. Analyst,Sales,Manufacturing,33,5/14/2012,Brazil,Rio de Janerio
02917,Everett Morales,Male,Solutions Architect,IT,Speciality Products,57,7/10/2014,Brazil,Rio de Janerio
03720,Genesis Hunter,Female,Manager,Finance,Corporate,48,4/22/1999,United States,Chicago
03393,Henry Figueroa,Male,Sr. Manger,Finance,Manufacturing,46,7/19/2010,Brazil,Manaus
02977,Nicholas Song,Male,Analyst II,Marketing,Manufacturing,52,5/23/1999,China,Chengdu
03371,Jack Alexander,Male,Vice President,IT,Manufacturing,56,5/29/2006,United States,Miami
02531,Jameson Foster,Male,Analyst,Marketing,Manufacturing,28,7/18/2021,United States,Columbus
02473,Leonardo Lo,Male,Quality Engineer,Engineering,Speciality Products,29,11/15/2021,China,Chongqing
02468,Ella Huang,Female,Vice President,Marketing,Corporate,45,2/28/2016,United States,Chicago
01499,Liam Jordan,Male,Computer Systems Manager,IT,Manufacturing,28,8/8/2020,United States,Phoenix
03697,Isaac Woods,Male,Manager,Sales,Corporate,28,1/8/2021,United States,Miami
00593,Luke Wilson,Male,Solutions Architect,IT,Speciality Products,34,5/24/2016,United States,Miami
01103,Lyla Alvarez,Female,IT Systems Architect,IT,Research & Development,55,8/30/1994,United States,Phoenix
03889,Caleb Flores,Male,Manager,Human Resources,Manufacturing,34,8/13/2013,Brazil,Rio de Janerio
01958,Angel Lin,Male,Network Administrator,IT,Manufacturing,27,12/24/2020,United States,Chicago
01870,Easton Moore,Male,Computer Systems Manager,IT,Research & Development,52,5/23/2013,United States,Seattle
01167,Kinsley Collins,Female,Automation Engineer,Engineering,Speciality Products,28,11/14/2018,United States,Phoenix
00099,Brooklyn Salazar,Female,IT Systems Architect,IT,Manufacturing,44,3/1/2011,United States,Austin
00044,Scarlett Jenkins,Female,Vice President,IT,Research & Development,53,11/9/2011,United States,Miami
00711,Melody Chin,Female,Sr. Manger,Finance,Corporate,43,10/15/2006,United States,Chicago
04795,Eloise Alexander,Female,Vice President,Human Resources,Corporate,28,1/21/2018,United States,Seattle
03912,Carter Turner,Male,Sr. Analyst,Marketing,Corporate,33,11/17/2015,United States,Phoenix
02103,Andrew Ma,Male,HRIS Analyst,Human Resources,Corporate,31,9/24/2017,China,Chongqing
04213,Hailey Xi,Female,Manager,Accounting,Corporate,52,11/19/2021,China,Chongqing
04756,Aiden Le,Male,Cloud Infrastructure Architect,IT,Corporate,55,12/24/1994,United States,Austin
04114,Christopher Lim,Male,Director,IT,Research & Development,55,3/13/2007,China,Shanghai
01423,James Castillo,Male,Vice President,IT,Manufacturing,51,7/19/2001,Brazil,Manaus
03181,Greyson Dang,Male,Development Engineer,Engineering,Manufacturing,60,5/11/2009,China,Beijing
03305,Hannah King,Female,Manager,Accounting,Speciality Products,31,10/7/2014,United States,Chicago
00703,Wesley Dominguez,Male,Engineering Manager,Engineering,Corporate,45,4/27/2018,United States,Chicago
04403,Dominic Hu,Male,Manager,Accounting,Speciality Products,34,2/13/2012,China,Shanghai
00103,Nora Park,Female,Director,Accounting,Speciality Products,29,6/28/2017,United States,Columbus
04487,Audrey Hwang,Female,Sr. Analyst,Accounting,Speciality Products,45,6/17/2020,China,Beijing
01194,Ella Jenkins,Female,Analyst II,Finance,Speciality Products,52,12/20/2019,United States,Phoenix
02179,Peyton Owens,Female,Controls Engineer,Engineering,Speciality Products,48,9/25/2014,United States,Chicago
04242,Alice Lopez,Female,Test Engineer,Engineering,Speciality Products,48,6/27/2009,United States,Seattle
01371,Dominic Le,Male,Vice President,Marketing,Corporate,41,10/4/2014,China,Chongqing
03065,Ezra Ortiz,Male,Quality Engineer,Engineering,Research & Development,41,1/21/2012,United States,Miami
01377,Grayson Luu,Male,Quality Engineer,Engineering,Research & Development,55,4/30/2011,China,Shanghai
03097,Brooks Stewart,Male,HRIS Analyst,Human Resources,Manufacturing,45,12/19/2015,United States,Columbus
01668,Naomi Xi,Female,Director,Finance,Corporate,53,2/17/2002,China,Chongqing
03354,Silas Estrada,Male,IT Systems Architect,IT,Corporate,49,6/24/2016,Brazil,Rio de Janerio
02088,Skylar Ayala,Female,Sr. Manger,Finance,Corporate,55,2/6/2017,United States,Phoenix
03980,Lydia Huynh,Female,Account Representative,Sales,Speciality Products,45,8/16/2000,United States,Chicago
00972,Hazel Cortez,Female,HRIS Analyst,Human Resources,Research & Development,52,4/18/2021,Brazil,Sao Paulo
00824,Everleigh Adams,Female,Analyst II,Marketing,Manufacturing,33,3/14/2020,United States,Chicago
04359,Layla Salazar,Female,Solutions Architect,IT,Corporate,59,3/19/2014,United States,Seattle
03113,Willow Chen,Female,Manager,Accounting,Corporate,50,9/3/2012,United States,Austin
01488,Penelope Griffin,Female,Director,Sales,Manufacturing,61,1/23/2021,United States,Seattle
01787,Lillian Romero,Female,Director,Engineering,Corporate,27,12/7/2018,United States,Austin
03550,Stella Wu,Female,Sr. Manger,Marketing,Speciality Products,35,2/20/2014,United States,Phoenix
01052,Parker Vang,Male,Analyst,Sales,Corporate,40,12/17/2016,United States,Miami
04799,Mila Roberts,Female,Sr. Business Partner,Human Resources,Corporate,30,1/26/2017,United States,Phoenix
03402,Isaac Liu,Male,Field Engineer,Engineering,Manufacturing,60,10/13/1992,China,Chongqing
04128,Jacob Doan,Male,Analyst II,Sales,Speciality Products,55,8/2/2021,United States,Miami
00013,Raelynn Ma,Female,Sr. Analyst,Finance,Speciality Products,33,10/8/2015,United States,Miami
03114,Jameson Juarez,Male,Development Engineer,Engineering,Speciality Products,62,10/9/1994,United States,Miami
04004,Everleigh Shah,Female,Test Engineer,Engineering,Research & Development,36,12/14/2018,United States,Columbus
04472,Alexander Foster,Male,Analyst II,Marketing,Manufacturing,35,7/3/2020,United States,Columbus
00161,Ryan Ha,Male,Vice President,Marketing,Corporate,60,1/27/2007,United States,Miami
04417,Chloe Salazar,Female,Sr. Manger,Human Resources,Speciality Products,45,5/22/2011,United States,Seattle
04536,Layla Scott,Female,Sr. Manger,Accounting,Speciality Products,48,7/30/2010,United States,Phoenix
02534,Leah Khan,Female,Director,Marketing,Corporate,36,9/13/2010,China,Chongqing
02857,Mason Jimenez,Male,Sr. Manger,Finance,Speciality Products,44,8/8/2019,United States,Austin
03059,Hailey Dang,Female,Manager,Marketing,Manufacturing,64,9/21/2019,China,Shanghai
02477,Amelia Bui,Female,Director,Engineering,Speciality Products,46,10/21/2020,China,Chengdu
00022,Elena Her,Female,Account Representative,Sales,Manufacturing,62,9/17/2006,China,Chongqing
03370,Ian Cortez,Male,Analyst II,Marketing,Research & Development,61,4/30/2008,Brazil,Rio de Janerio
00555,Christian Ali,Male,Analyst II,Marketing,Research & Development,65,10/17/2001,China,Chongqing
03160,Carter Ortiz,Male,Quality Engineer,Engineering,Speciality Products,54,4/29/2012,Brazil,Sao Paulo
03919,Grayson Chan,Male,Engineering Manager,Engineering,Speciality Products,46,10/20/2011,China,Chengdu
01724,Nolan Molina,Male,Computer Systems Manager,IT,Corporate,36,12/27/2020,Brazil,Manaus
04087,Adam Kaur,Male,Manager,IT,Corporate,60,1/29/2000,China,Chengdu
02856,Amelia Kaur,Female,Operations Engineer,Engineering,Research & Development,30,11/14/2015,United States,Columbus
03805,Autumn Gonzales,Female,Analyst II,Sales,Corporate,34,6/6/2012,Brazil,Manaus
00319,Ezra Wilson,Male,Service Desk Analyst,IT,Manufacturing,55,10/18/2013,United States,Miami
01090,Jacob Cheng,Male,Quality Engineer,Engineering,Research & Development,59,12/23/2009,United States,Miami
04323,Melody Valdez,Female,Director,IT,Manufacturing,28,1/25/2021,United States,Miami
02687,Caroline Nelson,Female,Vice President,Finance,Corporate,36,1/11/2014,United States,Chicago
01407,Ellie Guerrero,Female,Sr. Manger,Human Resources,Corporate,29,7/13/2020,Brazil,Manaus
02748,Genesis Zhu,Female,Director,Finance,Speciality Products,34,7/20/2020,United States,Seattle
01995,Jonathan Ho,Male,Vice President,IT,Manufacturing,37,6/25/2011,United States,Columbus
01714,Savannah Park,Female,HRIS Analyst,Human Resources,Manufacturing,44,1/28/2009,United States,Seattle
04491,Nathan Chan,Male,Cloud Infrastructure Architect,IT,Corporate,45,3/2/2000,United States,Seattle
01076,Sofia Vu,Female,Sr. Manger,Human Resources,Research & Development,52,9/5/2017,United States,Austin
04131,Ruby Choi,Female,Analyst,Accounting,Manufacturing,40,12/6/2018,United States,Columbus
02843,Lily Pena,Female,Manager,Human Resources,Speciality Products,55,2/24/2010,United States,Miami
03758,Liam Zhang,Male,Director,Marketing,Research & Development,29,9/15/2021,United States,Chicago
02063,Ian Gutierrez,Male,Sr. Business Partner,Human Resources,Research & Development,32,4/9/2021,Brazil,Rio de Janerio
00638,David Simmons,Male,Manager,Marketing,Corporate,51,1/26/1997,United States,Phoenix
03571,Lincoln Henderson,Male,Business Partner,Human Resources,Speciality Products,28,6/27/2021,United States,Chicago
01820,Nathan Miller,Male,Quality Engineer,Engineering,Speciality Products,27,5/28/2019,United States,Miami
01712,James Singh,Male,Director,Marketing,Corporate,45,3/12/2008,China,Chongqing
00184,Kayden Ortega,Male,Analyst,Accounting,Manufacturing,58,4/19/2010,Brazil,Rio de Janerio
02706,Lucy Figueroa,Female,Sr. Manger,Finance,Research & Development,45,1/10/2016,United States,Columbus
02899,Joshua Cortez,Male,Sr. Manger,Finance,Corporate,44,8/11/2007,Brazil,Manaus
02478,Alexander Morris,Male,Manager,Sales,Speciality Products,33,6/21/2013,United States,Phoenix
04170,Grayson Chin,Male,Vice President,IT,Research & Development,26,5/9/2020,United States,Austin
00929,Allison Espinoza,Female,Solutions Architect,IT,Speciality Products,45,4/16/2020,United States,Miami
00530,Naomi Chu,Female,Sr. Manger,Sales,Manufacturing,46,2/29/2004,China,Chongqing
03824,Jameson Martin,Male,Technical Architect,IT,Corporate,37,2/15/2008,United States,Phoenix
02492,Sebastian Gupta,Male,Sr. Analyst,Marketing,Corporate,40,9/22/2014,China,Chongqing
01733,Eloise Pham,Female,Manager,Sales,Speciality Products,45,10/20/2011,China,Shanghai
02857,Valentina Davis,Female,Analyst,Sales,Speciality Products,33,4/13/2014,United States,Miami
04938,Brooklyn Daniels,Female,Analyst,Marketing,Speciality Products,64,2/10/2003,United States,Miami
04952,Paisley Gomez,Female,Sr. Analyst,Sales,Manufacturing,57,10/2/2007,Brazil,Rio de Janerio
02420,Madison Li,Female,Director,Marketing,Manufacturing,35,3/6/2017,China,Beijing
01639,Everleigh Simmons,Female,Analyst,Finance,Manufacturing,55,4/16/2021,United States,Chicago
03947,Logan Soto,Male,Vice President,Finance,Research & Development,36,8/18/2018,United States,Columbus
04535,Charlotte Vo,Female,System Administrator ,IT,Speciality Products,57,1/10/2014,United States,Seattle
00380,Alice Thompson,Female,Vice President,Accounting,Speciality Products,48,4/25/2007,United States,Seattle
01432,Peyton Garza,Female,Systems Analyst,IT,Manufacturing,53,8/15/2004,Brazil,Manaus
02628,Nora Nelson,Female,Analyst II,Finance,Manufacturing,41,1/9/2007,United States,Columbus
03578,Maverick Li,Male,Analyst II,Sales,Research & Development,34,3/10/2018,United States,Austin
03563,Ian Barnes,Male,Operations Engineer,Engineering,Corporate,47,6/8/2020,United States,Miami
02781,Athena Vu,Female,Director,Accounting,Manufacturing,63,3/6/2007,United States,Miami
04739,Ruby Washington,Female,Analyst,Marketing,Research & Development,65,6/17/2011,United States,Seattle
02665,Bella Butler,Female,Sr. Manger,Finance,Manufacturing,33,10/25/2019,United States,Seattle
04132,Kinsley Henry,Female,Director,Marketing,Manufacturing,45,2/29/2008,United States,Miami
00276,Kennedy Romero,Female,Engineering Manager,Engineering,Research & Development,37,12/27/2018,Brazil,Rio de Janerio
04277,Zoe Do,Female,Analyst II,Sales,Speciality Products,60,1/8/2014,China,Beijing
03890,Everett Khan,Male,Solutions Architect,IT,Manufacturing,43,1/18/2017,United States,Chicago
02012,Anna Han,Female,System Administrator ,IT,Research & Development,65,5/8/2003,United States,Austin
02881,Leilani Sharma,Female,Sr. Analyst,Accounting,Manufacturing,43,1/23/2014,China,Chengdu
03750,Jordan Cho,Male,Analyst II,Accounting,Speciality Products,28,8/24/2018,United States,Phoenix
00605,Nova Williams,Female,Manager,Finance,Speciality Products,61,4/25/2010,United States,Miami
04641,Scarlett Hill,Female,Director,Engineering,Speciality Products,45,4/22/2018,United States,Columbus
01019,Dominic Scott,Male,Sr. Analyst,Sales,Corporate,45,3/16/2011,United States,Phoenix
01519,Anthony Marquez,Male,Vice President,IT,Speciality Products,54,8/15/2009,United States,Columbus
03694,Elena Patterson,Female,Vice President,Finance,Speciality Products,38,11/9/2018,United States,Chicago
01123,Madison Nelson,Female,Director,Accounting,Corporate,27,7/16/2021,United States,Miami
01366,William Walker,Male,Computer Systems Manager,IT,Research & Development,40,2/24/2019,United States,Columbus
04005,Lincoln Wong,Male,Sr. Analyst,Finance,Corporate,49,6/7/2019,United States,Columbus
02770,James Huang,Male,Manager,Human Resources,Speciality Products,54,3/11/1997,China,Beijing
04018,Emery Ford,Female,Analyst II,Marketing,Corporate,39,4/18/2017,United States,Austin
01591,Paisley Trinh,Female,Technical Architect,IT,Corporate,57,5/4/1992,United States,Austin
04940,Hudson Williams,Male,Vice President,Sales,Speciality Products,36,3/19/2018,United States,Austin
03465,Harper Phan,Female,Analyst II,Finance,Manufacturing,45,12/7/2016,China,Shanghai
03870,Madeline Allen,Female,Cloud Infrastructure Architect,IT,Manufacturing,30,2/3/2020,United States,Seattle
01927,Charles Moore,Male,Technical Architect,IT,Manufacturing,34,2/16/2016,United States,Miami
03064,Lincoln Fong,Male,Analyst II,Sales,Speciality Products,31,2/17/2020,China,Chongqing
01883,Isla Guzman,Female,Sr. Manger,Accounting,Speciality Products,28,7/6/2019,Brazil,Rio de Janerio
03984,Hailey Foster,Female,Controls Engineer,Engineering,Manufacturing,55,3/21/2021,United States,Chicago
00446,Hudson Hill,Male,Sr. Analyst,Sales,Research & Development,30,11/4/2019,United States,Austin
02825,Wyatt Li,Male,Vice President,Engineering,Manufacturing,63,6/3/2013,United States,Chicago
04174,Maverick Henry,Male,Computer Systems Manager,IT,Research & Development,26,7/10/2019,United States,Chicago
01899,Xavier Jackson,Male,Vice President,Marketing,Speciality Products,52,6/11/2002,United States,Miami
02562,Christian Medina,Male,Analyst,Marketing,Corporate,51,6/19/2007,United States,Columbus
01006,Autumn Leung,Female,Vice President,Finance,Research & Development,25,11/15/2021,United States,Chicago
02903,Robert Vazquez,Male,System Administrator ,IT,Corporate,40,9/26/2021,United States,Austin
03642,Aria Roberts,Female,Manager,Accounting,Corporate,38,8/12/2015,United States,Seattle
02884,Axel Johnson,Male,Director,Human Resources,Corporate,60,4/14/2015,United States,Seattle
00701,Madeline Garcia,Female,Sr. Business Partner,Human Resources,Speciality Products,45,4/26/2019,Brazil,Rio de Janerio
04720,Christopher Chung,Male,Controls Engineer,Engineering,Corporate,28,12/18/2021,United States,Phoenix
01985,Eliana Turner,Female,Account Representative,Sales,Research & Development,65,9/29/2000,United States,Austin
03273,Daniel Shah,Male,Analyst II,Sales,Research & Development,41,6/4/2010,China,Beijing
02415,Penelope Gonzalez,Female,Sr. Analyst,Sales,Corporate,52,10/16/1994,United States,Phoenix
02877,Mila Allen,Female,Controls Engineer,Engineering,Corporate,56,10/14/2015,United States,Miami
00091,Emilia Chu,Female,Analyst II,Finance,Manufacturing,48,6/24/2003,United States,Austin
02563,Emily Clark,Female,Vice President,Accounting,Corporate,36,1/13/2020,United States,Miami
04221,Roman King,Male,Analyst II,Finance,Corporate,60,8/16/2007,United States,Columbus
04887,Emery Do,Female,Account Representative,Sales,Research & Development,40,3/16/2018,United States,Columbus
03170,Autumn Thao,Female,Account Representative,Sales,Manufacturing,63,9/26/2017,United States,Phoenix
01636,Naomi Coleman,Female,Manager,Marketing,Corporate,29,11/2/2016,United States,Phoenix
01387,Cora Zheng,Female,Director,IT,Manufacturing,27,1/3/2018,China,Chengdu
01363,Ayla Daniels,Female,Technical Architect,IT,Corporate,53,4/23/1997,United States,Miami
02249,Allison Daniels,Female,Manager,Finance,Manufacturing,37,4/14/2020,United States,Phoenix
02987,Mateo Harris,Male,Manager,IT,Corporate,30,8/5/2017,United States,Columbus
03655,Samantha Rogers,Female,Analyst,Marketing,Speciality Products,28,1/17/2020,United States,Miami
04048,Julian Lee,Male,IT Systems Architect,IT,Corporate,51,1/17/2003,United States,Seattle
03626,Nicholas Avila,Male,Enterprise Architect,IT,Research & Development,28,9/28/2017,United States,Austin
03694,Hailey Watson,Female,Sr. Manger,Accounting,Corporate,31,1/20/2017,United States,Columbus
02920,Willow Woods,Female,Vice President,Human Resources,Speciality Products,28,7/25/2021,United States,Miami
03220,Alexander Gonzales,Male,Manager,Accounting,Research & Development,34,6/4/2018,United States,Phoenix
01347,Aiden Gonzales,Male,Vice President,Marketing,Speciality Products,44,3/28/2021,Brazil,Sao Paulo
03968,Joshua Chin,Male,Sr. Manger,Marketing,Manufacturing,60,7/26/2021,United States,Phoenix
04299,Paisley Hall,Female,Director,Human Resources,Speciality Products,41,5/21/2010,United States,Columbus
01150,Allison Leung,Female,Sr. Analyst,Sales,Research & Development,62,5/18/2020,United States,Austin
03774,Hannah Mejia,Female,Vice President,Marketing,Corporate,47,3/13/1999,United States,Austin
01638,Elizabeth Huang,Female,Analyst,Finance,Speciality Products,62,9/20/2002,China,Beijing
01877,Abigail Garza,Female,Analyst,Accounting,Manufacturing,33,5/27/2018,United States,Seattle
01193,Raelynn Lu,Female,Director,Finance,Research & Development,27,5/26/2020,China,Chongqing
01789,Charles Luu,Male,Sr. Manger,Sales,Manufacturing,25,6/15/2021,China,Shanghai
01422,Lydia Espinoza,Female,Sr. Manger,Marketing,Speciality Products,29,5/15/2020,Brazil,Sao Paulo
00440,Adeline Thao,Female,Vice President,Finance,Corporate,54,9/5/2007,United States,Seattle
00145,Kinsley Dixon,Female,Analyst,Accounting,Manufacturing,28,5/25/2019,United States,Miami
04150,Natalia Vu,Female,Analyst,Accounting,Research & Development,54,12/29/2006,United States,Columbus
02846,Julia Mai,Female,Manager,Marketing,Manufacturing,50,3/11/2012,China,Shanghai
04247,Camila Evans,Female,Manager,Marketing,Research & Development,55,12/20/1992,United States,Miami
02613,Everly Lai,Female,Vice President,Marketing,Speciality Products,52,4/1/1998,United States,Chicago
03349,Adam He,Male,Director,Accounting,Speciality Products,35,8/16/2017,China,Beijing
03648,Vivian Hunter,Female,Account Representative,Sales,Corporate,26,8/21/2019,United States,Seattle
02192,Lucy Avila,Female,Solutions Architect,IT,Speciality Products,43,4/22/2010,Brazil,Sao Paulo
03981,Eliana Li,Female,Test Engineer,Engineering,Research & Development,63,5/7/2018,United States,Miami
03262,Logan Mitchell,Male,Analyst II,Marketing,Manufacturing,65,8/20/2005,United States,Columbus
02716,Dominic Dinh,Male,Sr. Manger,Marketing,Speciality Products,45,4/11/2005,United States,Chicago
00245,Lucas Daniels,Male,Manager,Sales,Corporate,42,5/29/2011,United States,Chicago
04123,Andrew Holmes,Male,Vice President,IT,Speciality Products,59,12/30/2010,United States,Miami
03471,Julia Sandoval,Female,Manager,Human Resources,Corporate,42,11/19/2017,United States,Miami
00717,Kennedy Vargas,Female,Business Partner,Human Resources,Manufacturing,45,10/14/2005,Brazil,Manaus
01966,Thomas Williams,Male,Field Engineer,Engineering,Speciality Products,45,11/21/2015,United States,Columbus
03683,Raelynn Hong,Female,Director,Marketing,Speciality Products,28,12/11/2019,China,Beijing
03694,Eli Reed,Male,Systems Analyst,IT,Corporate,51,2/27/2014,United States,Miami
04766,Lyla Yoon,Female,Vice President,Accounting,Manufacturing,38,12/13/2012,United States,Austin
01465,Hannah White,Female,Sr. Manger,Accounting,Corporate,62,1/30/2009,United States,Phoenix
00206,Theodore Xi,Male,Manager,Finance,Corporate,52,10/5/2009,China,Shanghai
04088,Ezra Liang,Male,Vice President,Finance,Research & Development,52,5/26/1997,United States,Miami
02066,Grayson Yee,Male,Manager,Human Resources,Corporate,48,7/16/2015,China,Beijing
03227,Eli Richardson,Male,IT Coordinator,IT,Speciality Products,38,4/19/2015,United States,Seattle
03364,Audrey Lee,Female,Development Engineer,Engineering,Speciality Products,51,2/11/2017,China,Chongqing
00607,Jameson Allen,Male,Director,Marketing,Speciality Products,32,11/28/2016,United States,Seattle
02258,Eliza Chen,Female,Enterprise Architect,IT,Research & Development,36,4/29/2016,United States,Austin
03681,Lyla Chen,Female,Sr. Business Partner,Human Resources,Research & Development,45,4/26/2019,United States,Chicago
02298,Emily Doan,Female,Engineering Manager,Engineering,Corporate,32,12/4/2014,United States,Phoenix
02984,Jack Mai,Male,Sr. Analyst,Marketing,Corporate,45,9/22/2007,China,Chengdu
02440,Grayson Turner,Male,Solutions Architect,IT,Corporate,54,6/30/1992,United States,Chicago
04699,Ivy Tang,Female,Development Engineer,Engineering,Speciality Products,48,5/3/2012,China,Shanghai
03579,Robert Zhang,Male,Vice President,Marketing,Corporate,45,9/24/2015,United States,Phoenix
01649,Eva Alvarado,Female,Computer Systems Manager,IT,Manufacturing,46,4/24/2017,Brazil,Sao Paulo
04969,Abigail Vang,Female,Operations Engineer,Engineering,Research & Development,40,9/9/2016,China,Chengdu
00170,Claire Adams,Female,Director,Sales,Manufacturing,61,8/19/1997,United States,Phoenix
00955,Theodore Marquez,Male,Development Engineer,Engineering,Speciality Products,54,11/24/2012,Brazil,Sao Paulo
00810,Hunter Nunez,Male,Vice President,Human Resources,Corporate,62,8/16/2002,United States,Seattle
02798,Charles Henderson,Male,Systems Analyst,IT,Speciality Products,48,2/11/2002,United States,Austin
04542,Camila Cortez,Female,Manager,Marketing,Manufacturing,29,5/9/2021,United States,Phoenix
02818,Aaron Garza,Male,Director,Sales,Research & Development,39,12/27/2013,United States,Columbus
02907,Jose Singh,Male,Sr. Manger,Finance,Speciality Products,44,4/6/2010,United States,Columbus
00023,Gabriel Joseph,Male,Director,Engineering,Manufacturing,52,10/28/2006,United States,Miami
02391,Natalia Santos,Female,Vice President,Human Resources,Speciality Products,45,2/25/2019,Brazil,Sao Paulo
01429,Dylan Wilson,Male,Network Administrator,IT,Research & Development,48,9/27/2006,United States,Seattle
00494,Robert Alvarez,Male,Service Desk Analyst,IT,Corporate,39,10/21/2016,Brazil,Manaus
00634,Samantha Chavez,Female,Sr. Analyst,Sales,Speciality Products,53,1/9/2017,Brazil,Manaus
01249,Samuel Bailey,Male,Vice President,Accounting,Speciality Products,41,8/17/2013,United States,Seattle
04683,Ezekiel Delgado,Male,Director,Engineering,Speciality Products,40,2/7/2020,Brazil,Manaus
04732,Benjamin Ramirez,Male,Network Engineer,IT,Research & Development,48,7/27/2005,United States,Chicago
03834,Anthony Carter,Male,Director,Engineering,Speciality Products,41,3/15/2007,United States,Columbus
02923,Ethan Tang,Male,Sr. Analyst,Accounting,Speciality Products,54,5/4/2016,United States,Chicago
02642,Sebastian Rogers,Male,HRIS Analyst,Human Resources,Research & Development,38,11/29/2019,United States,Miami
00981,Miles Thao,Male,System Administrator ,IT,Corporate,57,6/26/2003,United States,Columbus
04157,William Cao,Male,Sr. Analyst,Marketing,Manufacturing,63,2/12/2017,China,Beijing
03528,Leo Hsu,Male,Sr. Manger,Human Resources,Manufacturing,62,11/22/2017,China,Chongqing
04547,Avery Grant,Female,Enterprise Architect,IT,Research & Development,49,3/5/2014,United States,Chicago
04415,Penelope Fong,Female,Director,Accounting,Corporate,60,5/14/2004,China,Chongqing
04484,Vivian Thao,Female,Quality Engineer,Engineering,Research & Development,45,4/23/2015,United States,Chicago
02800,Eva Estrada,Female,Sr. Manger,Sales,Speciality Products,45,7/24/2018,Brazil,Sao Paulo
04926,Emma Luna,Female,Field Engineer,Engineering,Speciality Products,52,3/25/2008,Brazil,Manaus
01268,Charlotte Wu,Female,Sr. Business Partner,Human Resources,Manufacturing,63,5/2/2007,China,Shanghai
04853,Vivian Chu,Female,Sr. Account Representative,Sales,Research & Development,46,1/17/2021,China,Shanghai
01209,Jayden Williams,Male,Manager,Human Resources,Manufacturing,64,12/26/1992,United States,Columbus
02024,Amelia Bell,Female,Sr. Analyst,Sales,Manufacturing,53,8/5/2017,United States,Seattle
02427,Addison Mehta,Female,Manager,Sales,Corporate,27,9/15/2018,United States,Columbus
00276,Alexander Jackson,Male,Manager,Human Resources,Corporate,45,7/9/2012,United States,Columbus
00951,Everly Lin,Female,Business Partner,Human Resources,Manufacturing,25,3/15/2021,China,Chongqing
03248,Lyla Stewart,Female,Sr. Manger,IT,Speciality Products,43,3/27/2015,United States,Austin
04444,Brooklyn Ruiz,Female,IT Coordinator,IT,Manufacturing,61,8/10/2014,United States,Phoenix
02307,Skylar Evans,Female,Director,Accounting,Research & Development,42,6/4/2009,United States,Austin
02375,Lincoln Huynh,Male,Sr. Manger,Finance,Manufacturing,63,2/8/2002,United States,Austin
02276,Hazel Griffin,Female,Field Engineer,Engineering,Corporate,32,11/9/2015,United States,Phoenix
02649,Charles Gonzalez,Male,Quality Engineer,Engineering,Research & Development,27,9/28/2018,Brazil,Rio de Janerio
00503,Leah Patterson,Female,Manager,Human Resources,Research & Development,33,6/11/2012,United States,Austin
01706,Avery Sun,Female,Operations Engineer,Engineering,Manufacturing,45,3/11/2004,China,Chongqing
00676,Isaac Yoon,Male,Manager,Human Resources,Corporate,41,2/6/2019,United States,Chicago
02005,Isabella Bui,Female,Enterprise Architect,IT,Manufacturing,36,11/21/2014,United States,Miami
01895,Gabriel Zhou,Male,IT Coordinator,IT,Manufacturing,25,1/17/2021,China,Chongqing
01396,Jack Vu,Male,Analyst II,Accounting,Research & Development,43,2/10/2014,China,Chengdu
00749,Valentina Moua,Female,Account Representative,Sales,Manufacturing,37,11/10/2015,United States,Columbus
01941,Quinn Trinh,Female,Analyst II,Sales,Corporate,42,5/9/2010,China,Beijing
01413,Caroline Nelson,Female,Sr. Account Representative,Sales,Speciality Products,60,7/30/1997,United States,Columbus
03928,Miles Dang,Male,IT Coordinator,IT,Speciality Products,61,9/24/2000,United States,Miami
04109,Leah Bryant,Female,IT Coordinator,IT,Manufacturing,55,4/30/2004,United States,Austin
03994,Henry Jung,Male,Automation Engineer,Engineering,Manufacturing,57,2/26/2018,United States,Austin
00639,Benjamin Mai,Male,System Administrator ,IT,Corporate,54,6/15/1998,United States,Phoenix
00608,Anna Han,Female,Development Engineer,Engineering,Manufacturing,29,11/9/2019,United States,Chicago
04189,Ariana Kim,Female,Network Architect,IT,Manufacturing,33,6/29/2014,China,Chengdu
02732,Alice Tran,Female,Analyst,Marketing,Corporate,39,7/29/2014,United States,Seattle
00324,Hailey Song,Female,Manager,Finance,Research & Development,37,8/23/2016,China,Chongqing
00518,Lydia Morales,Female,Manager,Finance,Speciality Products,51,6/14/2013,Brazil,Manaus
01286,Liam Sanders,Male,Sr. Business Partner,Human Resources,Corporate,46,2/20/2007,United States,Seattle
04564,Luke Sanchez,Male,Sr. Manger,Human Resources,Manufacturing,41,12/27/2015,Brazil,Sao Paulo
02033,Grace Sun,Female,Director,Finance,Research & Development,25,4/17/2021,China,Shanghai
00412,Ezra Banks,Male,Analyst II,Sales,Research & Development,37,4/23/2010,United States,Chicago
01844,Jayden Kang,Male,Analyst,Finance,Research & Development,46,4/24/2011,United States,Seattle
00667,Skylar Shah,Female,Field Engineer,Engineering,Manufacturing,42,4/27/2012,United States,Phoenix
02639,Sebastian Le,Male,Analyst,Finance,Corporate,37,11/9/2015,China,Beijing
00287,Luca Nelson,Male,Manager,Finance,Speciality Products,60,6/15/2010,United States,Miami
02235,Riley Ramirez,Female,Sr. Business Partner,Human Resources,Research & Development,52,9/13/1999,United States,Chicago
02720,Jaxon Fong,Male,Sr. Analyst,Sales,Speciality Products,59,3/13/1997,China,Beijing
03583,Kayden Jordan,Male,Cloud Infrastructure Architect,IT,Research & Development,48,9/14/2010,United States,Phoenix
01188,Alexander James,Male,Sr. Manger,Human Resources,Manufacturing,42,4/18/2013,United States,Columbus
02428,Connor Luu,Male,Computer Systems Manager,IT,Speciality Products,35,5/3/2016,China,Chengdu
03289,Christopher Lam,Male,Vice President,Accounting,Manufacturing,64,3/29/2013,United States,Columbus
01947,Sophie Owens,Female,Analyst II,Finance,Research & Development,30,3/5/2015,United States,Seattle
02024,Addison Perez,Female,Operations Engineer,Engineering,Speciality Products,29,9/25/2020,Brazil,Sao Paulo
04249,Hadley Dang,Female,Vice President,Accounting,Corporate,47,12/26/2021,United States,Austin
01090,Ethan Mehta,Male,Director,Sales,Research & Development,49,7/20/2001,United States,Phoenix
03830,Madison Her,Female,Technical Architect,IT,Speciality Products,56,6/22/1996,United States,Seattle
04363,Savannah Singh,Female,Director,Marketing,Speciality Products,53,6/20/1997,United States,Seattle
04920,Nevaeh Hsu,Female,Sr. Manger,Human Resources,Manufacturing,32,4/14/2017,United States,Phoenix
03866,Jordan Zhu,Male,Sr. Manger,Marketing,Manufacturing,32,1/29/2017,United States,Seattle
03521,Jackson Navarro,Male,Director,Sales,Corporate,52,9/25/2020,Brazil,Sao Paulo
04095,Sadie Patterson,Female,Sr. Analyst,Accounting,Speciality Products,38,7/24/2020,United States,Seattle
04079,Christopher Butler,Male,Network Architect,IT,Manufacturing,41,10/5/2017,United States,Miami
01508,Penelope Rodriguez,Female,Engineering Manager,Engineering,Manufacturing,49,3/12/2016,Brazil,Rio de Janerio
02259,Emily Lau,Female,Sr. Analyst,Finance,Manufacturing,35,3/18/2019,United States,Phoenix
04972,Sophie Oh,Female,Network Engineer,IT,Corporate,29,11/9/2017,United States,Miami
01834,Chloe Allen,Female,Solutions Architect,IT,Manufacturing,64,7/8/2004,United States,Seattle
03124,Caleb Nelson,Male,Director,Marketing,Corporate,33,6/12/2017,United States,Columbus
01898,Oliver Moua,Male,IT Systems Architect,IT,Corporate,29,6/28/2021,United States,Seattle
00342,Wesley Doan,Male,Manager,Finance,Corporate,63,4/19/2004,China,Shanghai
03910,Nova Hsu,Female,Manager,Human Resources,Speciality Products,32,1/3/2017,United States,Phoenix
00862,Levi Moreno,Male,Systems Analyst,IT,Research & Development,64,6/27/2020,Brazil,Manaus
02576,Gianna Ha,Female,Manager,IT,Research & Development,55,2/8/2005,China,Chongqing
00035,Lillian Gonzales,Female,Cloud Infrastructure Architect,IT,Manufacturing,43,3/13/2009,Brazil,Manaus
01832,Ezra Singh,Male,Analyst,Finance,Manufacturing,56,5/10/2006,United States,Austin
01755,Audrey Patel,Female,Sr. Manger,Finance,Speciality Products,37,4/24/2011,China,Shanghai
00465,Brooklyn Cho,Female,Technical Architect,IT,Manufacturing,45,7/8/2002,China,Chengdu
02391,Piper Ramos,Female,Sr. Manger,Sales,Manufacturing,49,4/2/1996,United States,Miami
04697,Eleanor Williams,Female,Enterprise Architect,IT,Speciality Products,61,2/9/2005,United States,Chicago
00371,Melody Grant,Female,Quality Engineer,Engineering,Corporate,41,10/7/2005,United States,Seattle
02992,Paisley Sanders,Female,Sr. Manger,Marketing,Speciality Products,55,3/27/2001,United States,Miami
04369,Santiago Gray,Male,Quality Engineer,Engineering,Corporate,27,9/11/2018,United States,Chicago
00592,Josephine Richardson,Female,System Administrator ,IT,Manufacturing,57,2/18/1996,United States,Austin
03532,Jaxson Santiago,Male,Engineering Manager,Engineering,Research & Development,56,9/20/2018,United States,Phoenix
00863,Lincoln Ramos,Male,Operations Engineer,Engineering,Corporate,59,9/10/2008,United States,Austin
03310,Dylan Campbell,Male,Director,Engineering,Speciality Products,45,11/29/2010,United States,Phoenix
01883,Olivia Gray,Female,Manager,Marketing,Research & Development,42,9/19/2015,United States,Columbus
01242,Emery Doan,Female,Controls Engineer,Engineering,Corporate,25,6/23/2021,China,Shanghai
02535,Caroline Perez,Female,Controls Engineer,Engineering,Corporate,29,1/14/2018,Brazil,Sao Paulo
00369,Genesis Woods,Female,Manager,Human Resources,Speciality Products,33,8/21/2013,United States,Columbus
03332,Ruby Sun,Female,Cloud Infrastructure Architect,IT,Manufacturing,50,9/6/2021,China,Shanghai
03278,Nevaeh James,Female,Solutions Architect,IT,Speciality Products,45,11/3/2017,United States,Austin
02492,Parker Sandoval,Male,Manager,Human Resources,Speciality Products,59,6/10/2015,United States,Miami
03055,Austin Rojas,Male,Vice President,Finance,Corporate,29,12/5/2018,United States,Austin
01943,Vivian Espinoza,Female,Sr. Manger,Sales,Corporate,52,10/5/2006,Brazil,Rio de Janerio
01388,Cooper Gupta,Male,Business Partner,Human Resources,Speciality Products,58,6/20/2014,China,Chongqing
00717,Axel Santos,Male,Sr. Analyst,Accounting,Speciality Products,62,2/17/2011,United States,Phoenix
04637,Samuel Song,Male,Director,Sales,Corporate,31,6/29/2015,United States,Columbus
03240,Aiden Silva,Male,Vice President,IT,Research & Development,42,11/29/2010,Brazil,Manaus
00340,Eliana Allen,Female,Business Partner,Human Resources,Research & Development,56,8/20/2009,United States,Phoenix
04751,Grayson James,Male,Operations Engineer,Engineering,Speciality Products,54,12/5/2010,United States,Seattle
04636,Hailey Yee,Female,Account Representative,Sales,Research & Development,54,3/16/2021,China,Chongqing
00568,Ian Vargas,Male,Analyst,Sales,Manufacturing,26,3/2/2021,Brazil,Rio de Janerio
02938,John Trinh,Male,Director,Marketing,Corporate,49,6/26/2014,China,Shanghai
00555,Sofia Trinh,Female,Network Architect,IT,Speciality Products,45,12/18/2006,China,Chongqing
01111,Santiago Moua,Male,Sr. Manger,Human Resources,Corporate,45,5/7/2010,United States,Chicago
03149,Layla Collins,Female,IT Systems Architect,IT,Speciality Products,26,3/11/2021,United States,Austin
00952,Jaxon Powell,Male,Field Engineer,Engineering,Research & Development,59,3/29/1996,United States,Austin
04380,Naomi Washington,Female,Manager,IT,Speciality Products,51,3/13/2020,United States,Austin
04095,Ryan Holmes,Male,Sr. Manger,Marketing,Speciality Products,45,1/11/2018,United States,Columbus
04994,Bella Holmes,Female,Director,Accounting,Research & Development,35,6/26/2017,United States,Miami
00447,Hailey Sanchez,Female,Vice President,Marketing,Corporate,32,2/5/2014,Brazil,Manaus
00089,Sofia Yoon,Female,Sr. Manger,Human Resources,Research & Development,37,1/17/2011,China,Shanghai
02035,Eli Rahman,Male,Service Desk Analyst,IT,Manufacturing,45,3/16/2010,China,Chengdu
03595,Christopher Howard,Male,Enterprise Architect,IT,Speciality Products,61,8/26/2019,United States,Seattle
03611,Alice Mehta,Female,Analyst II,Sales,Research & Development,45,4/2/2019,China,Beijing
04464,Cooper Yoon,Male,Engineering Manager,Engineering,Research & Development,60,2/15/2018,United States,Austin
02135,John Delgado,Male,Cloud Infrastructure Architect,IT,Corporate,30,2/11/2017,United States,Austin
01684,Jaxson Liang,Male,Field Engineer,Engineering,Manufacturing,64,3/3/2019,United States,Phoenix
02968,Caroline Santos,Female,Analyst II,Finance,Research & Development,25,7/12/2020,Brazil,Sao Paulo
03362,Lily Henderson,Female,HRIS Analyst,Human Resources,Manufacturing,61,5/20/2011,United States,Phoenix
01108,Hannah Martinez,Female,Manager,Marketing,Manufacturing,65,9/7/2006,United States,Miami
02217,William Phillips,Male,Network Architect,IT,Corporate,61,1/27/2004,United States,Austin
03519,Eliza Zheng,Female,Computer Systems Manager,IT,Speciality Products,48,4/20/2014,China,Chongqing
01967,John Dang,Male,Director,Sales,Corporate,58,3/19/1992,China,Chongqing
01125,Joshua Yang,Male,Network Engineer,IT,Manufacturing,34,11/10/2018,China,Shanghai
03795,Hazel Young,Female,Sr. Manger,Sales,Speciality Products,30,8/13/2017,United States,Austin
00508,Thomas Jung,Male,Sr. Analyst,Accounting,Research & Development,50,10/23/2009,China,Shanghai
02047,Xavier Perez,Male,Sr. Analyst,Sales,Manufacturing,51,2/26/1998,Brazil,Rio de Janerio
01582,Elijah Coleman,Male,Sr. Manger,Sales,Research & Development,53,10/19/2014,United States,Miami
02563,Clara Sanchez,Female,Controls Engineer,Engineering,Corporate,47,10/2/2018,Brazil,Rio de Janerio
04872,Isaac Stewart,Male,Director,Marketing,Speciality Products,25,8/15/2020,United States,Miami
03159,Claire Romero,Female,Vice President,Marketing,Manufacturing,37,7/21/2011,Brazil,Manaus
01337,Andrew Coleman,Male,Director,Finance,Corporate,41,5/15/2019,United States,Miami
00102,Riley Rojas,Female,Network Architect,IT,Speciality Products,36,1/21/2021,Brazil,Rio de Janerio
03637,Landon Thao,Male,HRIS Analyst,Human Resources,Speciality Products,25,1/21/2021,United States,Phoenix
03455,Hadley Ford,Female,Systems Analyst,IT,Research & Development,52,2/23/2005,United States,Chicago
03354,Austin Brown,Male,Director,Marketing,Research & Development,48,8/8/2007,United States,Phoenix
01225,Christian Fong,Male,Manager,Sales,Research & Development,49,8/10/2012,China,Beijing
01264,Hazel Alvarez,Female,Business Partner,Human Resources,Research & Development,62,4/19/2014,Brazil,Sao Paulo
02274,Isabella Bailey,Female,Network Administrator,IT,Manufacturing,36,8/23/2010,United States,Phoenix
02848,Lincoln Huynh,Male,System Administrator ,IT,Research & Development,55,11/9/2016,China,Chongqing
00480,Hadley Yee,Female,Business Partner,Human Resources,Speciality Products,31,3/12/2018,United States,Seattle
00203,Julia Doan,Female,Business Partner,Human Resources,Speciality Products,53,9/7/2017,United States,Columbus
00647,Dylan Ali,Male,Sr. Manger,Human Resources,Speciality Products,27,4/16/2021,United States,Phoenix
03296,Eloise Trinh,Female,Solutions Architect,IT,Speciality Products,39,4/22/2020,United States,Miami
02453,Dylan Kumar,Male,Sr. Analyst,Marketing,Speciality Products,55,7/11/2006,China,Chongqing
00647,Emily Gupta,Female,HRIS Analyst,Human Resources,Corporate,44,2/23/2006,United States,Miami
02522,Silas Rivera,Male,Vice President,Sales,Corporate,48,2/28/2000,United States,Chicago
00459,Jackson Jordan,Male,Business Partner,Human Resources,Research & Development,48,9/21/2020,United States,Phoenix
03007,Isaac Joseph,Male,Analyst,Sales,Manufacturing,54,9/24/1998,United States,Seattle
04035,Hailey Lai,Female,Sr. Manger,Finance,Manufacturing,42,3/18/2011,China,Beijing
00952,Leilani Thao,Female,Director,Human Resources,Speciality Products,38,5/30/2007,United States,Seattle
03863,Madeline Watson,Female,Account Representative,Sales,Research & Development,40,5/27/2009,United States,Miami
02710,Silas Huang,Male,Engineering Manager,Engineering,Research & Development,57,1/9/1992,United States,Miami
01895,Peyton Walker,Female,Analyst,Marketing,Research & Development,43,7/13/2019,United States,Miami
01339,Jeremiah Hernandez,Male,Network Engineer,IT,Manufacturing,26,4/14/2019,United States,Columbus
02938,Jace Washington,Male,Manager,Accounting,Research & Development,44,2/9/2002,United States,Phoenix
03379,Landon Kim,Male,Manager,Human Resources,Speciality Products,50,3/15/2012,United States,Phoenix
02153,Peyton Vasquez,Female,Analyst,Accounting,Corporate,26,1/24/2019,United States,Phoenix
00994,Charlotte Baker,Female,Analyst II,Sales,Manufacturing,29,11/17/2016,United States,Austin
00943,Elena Mendoza,Female,Director,Sales,Speciality Products,27,10/24/2018,Brazil,Sao Paulo
00869,Nova Lin,Female,Cloud Infrastructure Architect,IT,Manufacturing,33,10/21/2017,United States,Columbus
03457,Ivy Desai,Female,Controls Engineer,Engineering,Research & Development,59,4/9/2001,China,Shanghai
02193,Josephine Acosta,Female,Director,Human Resources,Speciality Products,40,9/20/2020,Brazil,Manaus
00577,Nora Nunez,Female,Analyst II,Finance,Research & Development,45,8/6/2012,Brazil,Sao Paulo
00538,Caleb Xiong,Male,Sr. Account Representative,Sales,Corporate,38,11/28/2011,United States,Chicago
01415,Henry Green,Male,Sr. Account Representative,Sales,Speciality Products,32,2/3/2020,United States,Phoenix
00717,Madelyn Chan,Female,Manager,Sales,Speciality Products,64,5/21/2003,United States,Phoenix
00225,Angel Delgado,Male,Director,Finance,Corporate,31,8/10/2017,United States,Seattle
02889,Mia Herrera,Female,Director,Marketing,Research & Development,43,10/16/2014,Brazil,Manaus
04978,Peyton Harris,Female,Enterprise Architect,IT,Research & Development,45,4/5/2009,United States,Miami
04163,David Herrera,Male,Engineering Manager,Engineering,Speciality Products,32,10/9/2021,Brazil,Rio de Janerio
01652,Avery Dominguez,Female,Sr. Manger,Sales,Corporate,27,9/13/2019,Brazil,Rio de Janerio
00880,Grace Carter,Female,Sr. Manger,Human Resources,Speciality Products,25,3/17/2021,United States,Austin
04335,Parker Allen,Male,Sr. Analyst,Sales,Speciality Products,31,8/13/2018,United States,Miami
01300,Sadie Lee,Female,Sr. Manger,Marketing,Corporate,65,10/24/2000,China,Chengdu
03102,Cooper Valdez,Male,Manager,Sales,Corporate,50,4/25/2012,Brazil,Sao Paulo
04089,Sebastian Fong,Male,Sr. Manger,IT,Manufacturing,46,12/16/2017,United States,Austin
02059,Roman Munoz,Male,Sr. Manger,Sales,Speciality Products,54,10/20/2011,United States,Austin
03894,Charlotte Chang,Female,Manager,Sales,Research & Development,50,5/7/2000,United States,Chicago
03106,Xavier Davis,Male,Vice President,Finance,Corporate,36,1/17/2009,United States,Seattle
01350,Natalie Carter,Female,Director,Finance,Corporate,64,12/21/2012,United States,Austin
02900,Elena Richardson,Female,Manager,Accounting,Manufacturing,34,10/3/2014,United States,Columbus
02202,Emilia Bailey,Female,Vice President,Accounting,Speciality Products,41,8/9/2012,United States,Austin
02696,Ryan Lu,Male,Development Engineer,Engineering,Speciality Products,25,7/8/2021,United States,Columbus
01722,Asher Huynh,Male,Manager,IT,Manufacturing,45,1/22/2015,United States,Phoenix
04562,Kinsley Martinez,Female,Director,Human Resources,Speciality Products,52,8/28/1993,Brazil,Sao Paulo
00640,Paisley Bryant,Female,Cloud Infrastructure Architect,IT,Manufacturing,37,4/27/2016,United States,Chicago
02554,Joshua Ramirez,Male,Vice President,Human Resources,Corporate,44,9/10/2007,Brazil,Sao Paulo
03412,Joshua Martin,Male,Sr. Manger,Human Resources,Research & Development,42,10/20/2003,United States,Phoenix
00646,Charles Moore,Male,Analyst,Accounting,Speciality Products,49,12/17/2011,United States,Seattle
04670,Angel Do,Male,IT Systems Architect,IT,Speciality Products,34,9/20/2019,China,Beijing
03580,Maverick Medina,Male,Analyst II,Sales,Manufacturing,39,5/27/2007,United States,Seattle
00446,Isaac Han,Male,Vice President,Human Resources,Speciality Products,31,1/14/2015,United States,Phoenix
02363,Eliza Liang,Female,Sr. Manger,Human Resources,Speciality Products,36,3/11/2010,China,Beijing
03718,Zoe Zhou,Female,Manager,Finance,Corporate,61,10/6/2009,China,Beijing
01749,Nathan Lee,Male,Analyst,Accounting,Manufacturing,29,8/20/2016,United States,Columbus
02888,Elijah Ramos,Male,Sr. Manger,IT,Speciality Products,33,12/24/2012,Brazil,Rio de Janerio
01338,Jaxson Coleman,Male,Manager,Finance,Manufacturing,32,4/15/2020,United States,Miami
03000,Hailey Hong,Female,Account Representative,Sales,Research & Development,33,1/22/2021,United States,Chicago
01611,Gabriella Zhu,Female,Computer Systems Manager,IT,Speciality Products,36,11/29/2014,China,Chongqing
02684,Aaron Maldonado,Male,Analyst II,Finance,Manufacturing,39,9/17/2008,United States,Seattle
02561,Samantha Vargas,Female,Director,Human Resources,Corporate,53,7/21/2006,Brazil,Sao Paulo
03168,Nora Le,Female,Sr. Manger,IT,Manufacturing,53,4/12/1997,United States,Seattle
00758,Alice Roberts,Female,Director,Human Resources,Manufacturing,54,9/26/1994,United States,Miami
03691,Colton Garcia,Male,Solutions Architect,IT,Speciality Products,55,11/17/1993,United States,Miami
01488,Stella Lai,Female,Sr. Analyst,Accounting,Manufacturing,44,4/28/2021,United States,Miami
04415,Leonardo Luong,Male,Manager,Finance,Manufacturing,52,12/29/1999,United States,Phoenix
03278,Nicholas Wong,Male,Director,Sales,Research & Development,27,11/7/2019,United States,Columbus
00282,Jeremiah Castillo,Male,Analyst II,Accounting,Research & Development,58,4/12/2006,United States,Columbus
03305,Cooper Jiang,Male,Analyst II,Accounting,Corporate,49,7/25/2019,China,Chongqing
00559,Penelope Silva,Female,Network Architect,IT,Speciality Products,36,11/3/2016,United States,Columbus
02558,Jose Richardson,Male,Director,Marketing,Research & Development,26,10/15/2019,United States,Miami
00956,Eleanor Chau,Female,Development Engineer,Engineering,Research & Development,37,3/8/2020,United States,Phoenix
03858,John Cho,Male,Director,Human Resources,Speciality Products,47,11/3/2019,China,Chengdu
02221,Julian Delgado,Male,Systems Analyst,IT,Speciality Products,29,5/19/2016,Brazil,Rio de Janerio
00126,Isabella Scott,Female,Network Administrator,IT,Research & Development,58,4/26/2016,United States,Phoenix
02627,Parker Avila,Male,Analyst II,Marketing,Manufacturing,47,11/28/2005,Brazil,Manaus
03778,Luke Vu,Male,Sr. Manger,Marketing,Speciality Products,52,6/4/2018,China,Shanghai
00481,Jameson Nelson,Male,Network Architect,IT,Research & Development,61,3/8/2016,United States,Columbus
02833,Adrian Fernandez,Male,Systems Analyst,IT,Research & Development,45,8/23/2001,United States,Columbus
03902,Madison Hunter,Female,Network Administrator,IT,Corporate,40,2/5/2012,United States,Columbus
02310,Jordan Phillips,Male,Vice President,Human Resources,Corporate,45,12/12/2010,United States,Columbus
02661,Maya Chan,Female,Controls Engineer,Engineering,Speciality Products,37,2/13/2013,China,Beijing
00836,Wesley King,Male,Manager,Accounting,Manufacturing,57,1/19/2019,United States,Chicago
00682,Sofia Fernandez,Female,Manager,Accounting,Manufacturing,44,10/17/2005,United States,Phoenix
00287,Maverick Figueroa,Male,IT Systems Architect,IT,Corporate,48,7/6/2008,United States,Chicago
00785,Hannah Hoang,Female,Manager,Accounting,Speciality Products,25,12/15/2021,China,Chengdu
04598,Violet Garcia,Female,Sr. Analyst,Marketing,Speciality Products,35,1/10/2017,United States,Austin
03247,Aaliyah Mai,Female,Vice President,IT,Speciality Products,57,11/11/2016,United States,Phoenix
02703,Austin Vang,Male,Manager,Marketing,Speciality Products,49,5/20/2018,China,Beijing
02191,Maria Sun,Female,Director,Sales,Corporate,25,12/19/2021,China,Chengdu
00156,Madelyn Scott,Female,Sr. Manger,IT,Research & Development,46,1/9/2002,United States,Phoenix
03349,Dylan Chin,Male,Director,Finance,Corporate,60,6/5/2017,United States,Miami
04032,Emery Zhang,Female,Field Engineer,Engineering,Corporate,45,2/28/2012,China,Beijing
00005,Riley Washington,Female,Director,Sales,Speciality Products,39,4/29/2007,United States,Phoenix
04354,Raelynn Rios,Female,Vice President,Sales,Manufacturing,43,8/21/2016,United States,Columbus
01578,Anthony Hong,Male,Sr. Manger,IT,Research & Development,37,11/29/2010,United States,Columbus
03430,Leo Herrera,Male,Sr. Business Partner,Human Resources,Research & Development,48,4/22/1998,Brazil,Manaus
03058,Robert Wright,Male,Technical Architect,IT,Manufacturing,30,6/14/2015,United States,Chicago
04762,Audrey Richardson,Female,Director,IT,Manufacturing,46,10/6/2018,United States,Chicago
01148,Scarlett Kumar,Female,Systems Analyst,IT,Corporate,55,1/7/2009,United States,Columbus
03094,Wesley Young,Male,Sr. Analyst,Marketing,Speciality Products,33,9/18/2016,United States,Columbus
01909,Lillian Khan,Female,Analyst,Finance,Speciality Products,44,5/31/2010,China,Chengdu
04398,Oliver Yang,Male,Director,Marketing,Speciality Products,31,6/10/2019,United States,Miami
02521,Lily Nguyen,Female,Sr. Analyst,Finance,Speciality Products,33,1/28/2012,China,Chengdu
03545,Sofia Cheng,Female,Vice President,Accounting,Corporate,63,7/26/2020,United States,Miami
00481,Jameson Nelson,Male,Network Architect,IT,Research & Development,61,3/8/2016,United States,Columbus
02833,Adrian Fernandez,Male,Systems Analyst,IT,Research & Development,45,8/23/2001,United States,Columbus
00156,Madelyn Scott,Female,Sr. Manger,IT,Research & Development,46,1/9/2002,United States,Phoenix
03349,Dylan Chin,Male,Director,Finance,Corporate,60,6/5/2017,United States,Miami